{"type":"FeatureCollection","name":"keansburg_road_centerlines","metadata":{"source":"NJOGIS NG911 Road Centerlines (Tran_road)","url":"https://services2.arcgis.com/XVOqAjTOJ5P6ngMu/arcgis/rest/services/Tran_road/FeatureServer/0","query_url":"https://services2.arcgis.com/XVOqAjTOJ5P6ngMu/arcgis/rest/services/Tran_road/FeatureServer/0/query","retrieved_at_utc":"2026-09-04T20:05:23.306216+00:00","source_last_edit_date":1785341586960,"out_sr":4326,"query_envelope_wgs84":[-74.1481457,40.4354183,-74.1163915,40.456935],"spatial_relationship":"esriSpatialRelIntersects","boundary_file":"keansburg_boundary.geojson","boundary_sha256":"6d8cc22fc688fde64f7dae5741b335eda340642e38020b9b28f94898e9b3e85a","fields":["OBJECTID","PRIMENAME","ELEVTYP_F","ELEVTYP_T"],"feature_count":831,"complete_objectid_inventory_verified":true,"municipal_clipping":"Envelope selection only; clip against the actual municipal boundary in the application."},"features":[{"type":"Feature","id":299,"properties":{"OBJECTID":299,"PRIMENAME":"Monroe Avenue","ELEVTYP_F":0,"ELEVTYP_T":0},"geometry":{"type":"LineString","coordinates":[[-74.1362056639099,40.4396754009425],[-74.1363490324407,40.4395453900023],[-74.1363909278538,40.4395048660517]]}},{"type":"Feature","id":1141,"properties":{"OBJECTID":1141,"PRIMENAME":"Carr Avenue","ELEVTYP_F":0,"ELEVTYP_T":0},"geometry":{"type":"LineString","coordinates":[[-74.1343020584484,40.4507281615256],[-74.1339695998393,40.4496674280151],[-74.1339519733955,40.4496112057763]]}},{"type":"Feature","id":1955,"properties":{"OBJECTID":1955,"PRIMENAME":"Seaside Place","ELEVTYP_F":0,"ELEVTYP_T":0},"geometry":{"type":"LineString","coordinates":[[-74.1274355684328,40.4500665889165],[-74.127380500412,40.4501479145568],[-74.1269779141026,40.4507423405753]]}},{"type":"Feature","id":2022,"properties":{"OBJECTID":2022,"PRIMENAME":"Oakwood Place","ELEVTYP_F":0,"ELEVTYP_T":0},"geometry":{"type":"LineString","coordinates":[[-74.1385064783664,40.4498911861566],[-74.138306462446,40.4497250828651],[-74.1382754508802,40.4496916325385],[-74.1382387498855,40.44955329962],[-74.1382023300642,40.4493625621944],[-74.1381658692543,40.449186099722],[-74.1381519985855,40.4491191848971]]}},{"type":"Feature","id":2195,"properties":{"OBJECTID":2195,"PRIMENAME":"Center Avenue","ELEVTYP_F":0,"ELEVTYP_T":0},"geometry":{"type":"LineString","coordinates":[[-74.1342738995753,40.4530389359227],[-74.1342886989291,40.453040108539],[-74.134381385409,40.4530319744725],[-74.1345557437259,40.4530055679559],[-74.1348450053357,40.4529626976002],[-74.1349024682363,40.4529425922635],[-74.134937883286,40.4529191506641],[-74.1349763332246,40.4528860836274]]}},{"type":"Feature","id":2515,"properties":{"OBJECTID":2515,"PRIMENAME":"Myrtle Avenue","ELEVTYP_F":0,"ELEVTYP_T":0},"geometry":{"type":"LineString","coordinates":[[-74.1342816712238,40.4471110905664],[-74.1341248418806,40.44660458107],[-74.1340537136908,40.446376069541]]}},{"type":"Feature","id":2960,"properties":{"OBJECTID":2960,"PRIMENAME":"Laurel Avenue","ELEVTYP_F":0,"ELEVTYP_T":0},"geometry":{"type":"LineString","coordinates":[[-74.1417425584243,40.4431410563568],[-74.1418277646874,40.4437541748884]]}},{"type":"Feature","id":3191,"properties":{"OBJECTID":3191,"PRIMENAME":"6th Street","ELEVTYP_F":0,"ELEVTYP_T":0},"geometry":{"type":"LineString","coordinates":[[-74.1466387559166,40.4435163721897],[-74.1466634926299,40.4435545781164],[-74.1467070473244,40.443573789448],[-74.1471104311558,40.4435750215046],[-74.1476302677365,40.4435766071674],[-74.1477425486806,40.4435769493521],[-74.1477738607743,40.4435531895552],[-74.1477740679648,40.4435525660442]]}},{"type":"Feature","id":3282,"properties":{"OBJECTID":3282,"PRIMENAME":"Union Place","ELEVTYP_F":0,"ELEVTYP_T":0},"geometry":{"type":"LineString","coordinates":[[-74.1373401617874,40.4507019358701],[-74.1374025990003,40.450751681171],[-74.1381293922544,40.4513306318704],[-74.1381690749778,40.4513622432495]]}},{"type":"Feature","id":3546,"properties":{"OBJECTID":3546,"PRIMENAME":"Monroe Avenue","ELEVTYP_F":0,"ELEVTYP_T":0},"geometry":{"type":"LineString","coordinates":[[-74.1372041306959,40.4386760241852],[-74.1388125865986,40.4369845009261],[-74.1389452219446,40.4368449676285]]}},{"type":"Feature","id":4151,"properties":{"OBJECTID":4151,"PRIMENAME":"Seabreeze Way","ELEVTYP_F":0,"ELEVTYP_T":0},"geometry":{"type":"LineString","coordinates":[[-74.1386728366504,40.4527990907214],[-74.1377676556253,40.4536362175855],[-74.1372867608575,40.45372999341],[-74.1364788204818,40.4538752274206]]}},{"type":"Feature","id":4186,"properties":{"OBJECTID":4186,"PRIMENAME":"Bayshore Mobile Manor","ELEVTYP_F":0,"ELEVTYP_T":0},"geometry":{"type":"LineString","coordinates":[[-74.1476542010642,40.4384627921416],[-74.147662560486,40.4385820397017],[-74.1476800214727,40.438829897415],[-74.14768331284,40.4389465762096],[-74.1476846031038,40.438992276758],[-74.1476852665918,40.4390157881569],[-74.1476912829589,40.4390539368401],[-74.147672351276,40.4391015616691],[-74.1476597242938,40.4391253243697],[-74.1476221490768,40.4391585902226],[-74.1475845883383,40.4391823039316],[-74.1475469778318,40.439215542633],[-74.1475219197902,40.4392392944377],[-74.1475092532539,40.4392773861646],[-74.1475090541104,40.439315515904],[-74.1475026540664,40.4393440727595],[-74.1475119885988,40.4395104032786]]}},{"type":"Feature","id":4203,"properties":{"OBJECTID":4203,"PRIMENAME":"Beachway Avenue","ELEVTYP_F":0,"ELEVTYP_T":0},"geometry":{"type":"LineString","coordinates":[[-74.1300233121556,40.4528460697827],[-74.1296324685344,40.4526159007418],[-74.1294428125503,40.4525042102422],[-74.1293206038507,40.4524322394451]]}},{"type":"Feature","id":4654,"properties":{"OBJECTID":4654,"PRIMENAME":"1st Street","ELEVTYP_F":0,"ELEVTYP_T":0},"geometry":{"type":"LineString","coordinates":[[-74.1441539192505,40.4470916920665],[-74.1438814821098,40.4470775669258],[-74.1424097383247,40.4469872371493],[-74.1422810345962,40.4469793447559]]}},{"type":"Feature","id":4699,"properties":{"OBJECTID":4699,"PRIMENAME":"Bay Avenue","ELEVTYP_F":0,"ELEVTYP_T":0},"geometry":{"type":"LineString","coordinates":[[-74.1389845918594,40.4535685139747],[-74.1383074583968,40.4541907256646],[-74.137714183624,40.4542984806992],[-74.1366691966385,40.4544915342748]]}},{"type":"Feature","id":4739,"properties":{"OBJECTID":4739,"PRIMENAME":"Forest Avenue","ELEVTYP_F":0,"ELEVTYP_T":0},"geometry":{"type":"LineString","coordinates":[[-74.1252785571101,40.4405039741711],[-74.1251472673438,40.4399358230565],[-74.1251403592562,40.4398922079577],[-74.1251441440145,40.4398512898175],[-74.1251550773286,40.4398104777144],[-74.1251731296141,40.4397750961247],[-74.1251947037785,40.43973975387],[-74.1252305923614,40.43970171287],[-74.125348826865,40.4396121646484],[-74.1259399548313,40.4391588502059]]}},{"type":"Feature","id":4854,"properties":{"OBJECTID":4854,"PRIMENAME":"Beechwood Avenue","ELEVTYP_F":0,"ELEVTYP_T":0},"geometry":{"type":"LineString","coordinates":[[-74.1288049191662,40.4454203564813],[-74.128913000824,40.4460017416819],[-74.1289617300957,40.4462163768048],[-74.1289694407159,40.446251813717]]}},{"type":"Feature","id":5857,"properties":{"OBJECTID":5857,"PRIMENAME":"Main Street","ELEVTYP_F":0,"ELEVTYP_T":0},"geometry":{"type":"LineString","coordinates":[[-74.1312538248583,40.4354724909979],[-74.1311099634902,40.4361322419579]]}},{"type":"Feature","id":6481,"properties":{"OBJECTID":6481,"PRIMENAME":"Myrtle Avenue","ELEVTYP_F":0,"ELEVTYP_T":0},"geometry":{"type":"LineString","coordinates":[[-74.1340537136908,40.446376069541],[-74.1337508456946,40.4454023938748],[-74.1337217411774,40.4453098458018]]}},{"type":"Feature","id":6561,"properties":{"OBJECTID":6561,"PRIMENAME":"Charles Avenue","ELEVTYP_F":0,"ELEVTYP_T":0},"geometry":{"type":"LineString","coordinates":[[-74.1442615079382,40.4491459925708],[-74.1443602773024,40.4492529787548],[-74.1427980136989,40.4497581279691],[-74.1427512596595,40.4497726116396],[-74.1426733354303,40.4497967510456]]}},{"type":"Feature","id":7333,"properties":{"OBJECTID":7333,"PRIMENAME":"Kennedy Way","ELEVTYP_F":0,"ELEVTYP_T":0},"geometry":{"type":"LineString","coordinates":[[-74.1340537136908,40.446376069541],[-74.1343322536986,40.4463240519933],[-74.1351087303425,40.446187079593]]}},{"type":"Feature","id":7536,"properties":{"OBJECTID":7536,"PRIMENAME":"Lawrence Avenue","ELEVTYP_F":0,"ELEVTYP_T":0},"geometry":{"type":"LineString","coordinates":[[-74.1258642161178,40.4461582715662],[-74.1256463481359,40.4461866370289],[-74.1255401457607,40.4462101212312],[-74.1254401442161,40.4462431505682],[-74.1253587820731,40.4462905423478],[-74.1252147003196,40.4463997171165],[-74.1251635026299,40.4464568974048]]}},{"type":"Feature","id":7629,"properties":{"OBJECTID":7629,"PRIMENAME":"Center Avenue","ELEVTYP_F":0,"ELEVTYP_T":0},"geometry":{"type":"LineString","coordinates":[[-74.1322139978219,40.4517938460326],[-74.1320136337942,40.4516734921609],[-74.1315844950776,40.4514243484303],[-74.1315069148698,40.4513777363785]]}},{"type":"Feature","id":7839,"properties":{"OBJECTID":7839,"PRIMENAME":"North Park Avenue","ELEVTYP_F":0,"ELEVTYP_T":0},"geometry":{"type":"LineString","coordinates":[[-74.1462188976001,40.4458759448208],[-74.1462203443881,40.4459838060274],[-74.1462059464347,40.4465504702468]]}},{"type":"Feature","id":8001,"properties":{"OBJECTID":8001,"PRIMENAME":"Briarwood Avenue","ELEVTYP_F":0,"ELEVTYP_T":0},"geometry":{"type":"LineString","coordinates":[[-74.1277551724617,40.4455715061269],[-74.127700479105,40.4452925322364],[-74.1276703019671,40.4451388763359],[-74.1275609268161,40.4445819398492],[-74.1275469814104,40.4445109877141]]}},{"type":"Feature","id":11139,"properties":{"OBJECTID":11139,"PRIMENAME":"Euclid Avenue","ELEVTYP_F":0,"ELEVTYP_T":0},"geometry":{"type":"LineString","coordinates":[[-74.1297196236096,40.4369535985359],[-74.1298493115991,40.4363410722777]]}},{"type":"Feature","id":12506,"properties":{"OBJECTID":12506,"PRIMENAME":"Shore Boulevard","ELEVTYP_F":0,"ELEVTYP_T":0},"geometry":{"type":"LineString","coordinates":[[-74.1270832750287,40.450059468252],[-74.1269037341283,40.4500558150548],[-74.1267671076449,40.4500502403861]]}},{"type":"Feature","id":13397,"properties":{"OBJECTID":13397,"PRIMENAME":"Beacon Light Avenue","ELEVTYP_F":0,"ELEVTYP_T":0},"geometry":{"type":"LineString","coordinates":[[-74.1246026445101,40.4453126008675],[-74.1244844709895,40.4453440888241],[-74.1235473514568,40.4455935671105],[-74.1233586718496,40.4457935956473]]}},{"type":"Feature","id":18530,"properties":{"OBJECTID":18530,"PRIMENAME":"9th Street","ELEVTYP_F":0,"ELEVTYP_T":0},"geometry":{"type":"LineString","coordinates":[[-74.1426678800295,40.4423320416813],[-74.1421661492228,40.4423397411152],[-74.141804417409,40.442324318742],[-74.1416270402194,40.4422956312728]]}},{"type":"Feature","id":19087,"properties":{"OBJECTID":19087,"PRIMENAME":"Carr Avenue","ELEVTYP_F":0,"ELEVTYP_T":0},"geometry":{"type":"LineString","coordinates":[[-74.134686295488,40.4519641980492],[-74.1345489476268,40.4515201003791],[-74.1344957279447,40.4513480239821]]}},{"type":"Feature","id":19439,"properties":{"OBJECTID":19439,"PRIMENAME":"Harbor Way","ELEVTYP_F":0,"ELEVTYP_T":0},"geometry":{"type":"LineString","coordinates":[[-74.1178810641907,40.4381534358855],[-74.1178801767493,40.4381009455392],[-74.1178691066651,40.4374352640723]]}},{"type":"Feature","id":21022,"properties":{"OBJECTID":21022,"PRIMENAME":"Holly Avenue","ELEVTYP_F":0,"ELEVTYP_T":0},"geometry":{"type":"LineString","coordinates":[[-74.1423564354387,40.4400345126502],[-74.1424492497111,40.4407106830778],[-74.1425327140796,40.441341090924]]}},{"type":"Feature","id":21273,"properties":{"OBJECTID":21273,"PRIMENAME":"Crescent Street","ELEVTYP_F":0,"ELEVTYP_T":0},"geometry":{"type":"LineString","coordinates":[[-74.1245148498361,40.4431455426364],[-74.1256712297875,40.4428219883626],[-74.1257763445279,40.4427925706985]]}},{"type":"Feature","id":21438,"properties":{"OBJECTID":21438,"PRIMENAME":"Crescent Street","ELEVTYP_F":0,"ELEVTYP_T":0},"geometry":{"type":"LineString","coordinates":[[-74.1194989683301,40.4433260513053],[-74.1198357119778,40.443370093478],[-74.1203810696883,40.4434456748495]]}},{"type":"Feature","id":21669,"properties":{"OBJECTID":21669,"PRIMENAME":"11th Street","ELEVTYP_F":0,"ELEVTYP_T":0},"geometry":{"type":"LineString","coordinates":[[-74.1381886190819,40.4411709116924],[-74.138715543536,40.4408915658174]]}},{"type":"Feature","id":21852,"properties":{"OBJECTID":21852,"PRIMENAME":"Neptune Place","ELEVTYP_F":0,"ELEVTYP_T":0},"geometry":{"type":"LineString","coordinates":[[-74.1167337449768,40.4404890829579],[-74.1176427571773,40.4404807008379]]}},{"type":"Feature","id":22622,"properties":{"OBJECTID":22622,"PRIMENAME":"7th Street","ELEVTYP_F":0,"ELEVTYP_T":0},"geometry":{"type":"LineString","coordinates":[[-74.1454302946775,40.443190309324],[-74.1445693072815,40.443181159185]]}},{"type":"Feature","id":22665,"properties":{"OBJECTID":22665,"PRIMENAME":"Regency Court","ELEVTYP_F":0,"ELEVTYP_T":0},"geometry":{"type":"LineString","coordinates":[[-74.1232883491839,40.4349458970807],[-74.1230098190621,40.4349315065935],[-74.1230090242965,40.4350738112865],[-74.1230063474418,40.4355531010536],[-74.123280437144,40.435564419412],[-74.1232825054606,40.4354111400883],[-74.1232883491839,40.4349458970807]]}},{"type":"Feature","id":23114,"properties":{"OBJECTID":23114,"PRIMENAME":"Manning Place","ELEVTYP_F":0,"ELEVTYP_T":0},"geometry":{"type":"LineString","coordinates":[[-74.1319222600249,40.4431026850482],[-74.1328910185187,40.4429166242618],[-74.1329628742794,40.4429042245751]]}},{"type":"Feature","id":23164,"properties":{"OBJECTID":23164,"PRIMENAME":"Main Street","ELEVTYP_F":0,"ELEVTYP_T":0},"geometry":{"type":"LineString","coordinates":[[-74.1295531025133,40.4435190234838],[-74.1295438002226,40.4435970105315],[-74.1295431199552,40.443720924415],[-74.1295611853285,40.4438401213822],[-74.1295687053957,40.4438774246807]]}},{"type":"Feature","id":23233,"properties":{"OBJECTID":23233,"PRIMENAME":"Francis Place","ELEVTYP_F":0,"ELEVTYP_T":0},"geometry":{"type":"LineString","coordinates":[[-74.1309485002061,40.4440906064879],[-74.1310195764074,40.4440830923858],[-74.1314904930545,40.4439896123119]]}},{"type":"Feature","id":23311,"properties":{"OBJECTID":23311,"PRIMENAME":"Locust Grove","ELEVTYP_F":0,"ELEVTYP_T":0},"geometry":{"type":"LineString","coordinates":[[-74.1458484762759,40.4388011970874],[-74.1458724512119,40.4389410433796],[-74.1458724775097,40.4389411983701],[-74.1459454772521,40.4398151974095],[-74.1459594762762,40.4399281992916]]}},{"type":"Feature","id":23591,"properties":{"OBJECTID":23591,"PRIMENAME":"Carr Avenue","ELEVTYP_F":0,"ELEVTYP_T":0},"geometry":{"type":"LineString","coordinates":[[-74.1330086125814,40.4465711210002],[-74.1326911027164,40.4455635483614],[-74.1326719274343,40.445502051338]]}},{"type":"Feature","id":23668,"properties":{"OBJECTID":23668,"PRIMENAME":"Francis Place","ELEVTYP_F":0,"ELEVTYP_T":0},"geometry":{"type":"LineString","coordinates":[[-74.1321655732787,40.4438817916979],[-74.1322682248744,40.4438821182737],[-74.1329550817303,40.4437556359634],[-74.1332174191153,40.4437077972161]]}},{"type":"Feature","id":23751,"properties":{"OBJECTID":23751,"PRIMENAME":"Port Monmouth Road","ELEVTYP_F":0,"ELEVTYP_T":0},"geometry":{"type":"LineString","coordinates":[[-74.1229078278307,40.4420661065668],[-74.1225687346364,40.4421088952779],[-74.1215801731318,40.442222470007]]}},{"type":"Feature","id":24161,"properties":{"OBJECTID":24161,"PRIMENAME":"Port Monmouth Road","ELEVTYP_F":0,"ELEVTYP_T":0},"geometry":{"type":"LineString","coordinates":[[-74.1242011437731,40.4419000640794],[-74.1232678815256,40.4420206409237],[-74.1230449959322,40.4420487933318]]}},{"type":"Feature","id":25127,"properties":{"OBJECTID":25127,"PRIMENAME":"Raritan Avenue","ELEVTYP_F":0,"ELEVTYP_T":0},"geometry":{"type":"LineString","coordinates":[[-74.1336258467598,40.4515088259352],[-74.1336797134312,40.4516770905792],[-74.1338899484557,40.4523337956424]]}},{"type":"Feature","id":25507,"properties":{"OBJECTID":25507,"PRIMENAME":"Atlantic Avenue","ELEVTYP_F":0,"ELEVTYP_T":0},"geometry":{"type":"LineString","coordinates":[[-74.1194812422249,40.4414422988693],[-74.1194587459981,40.4416915394409]]}},{"type":"Feature","id":25544,"properties":{"OBJECTID":25544,"PRIMENAME":"8th Street","ELEVTYP_F":0,"ELEVTYP_T":0},"geometry":{"type":"LineString","coordinates":[[-74.1391981009991,40.4413968629806],[-74.1392962683818,40.4414573841969],[-74.1393138791493,40.4414682413999],[-74.1395625537883,40.4416215094746],[-74.1398174561103,40.4417796013203],[-74.1400785863675,40.4419424880761],[-74.1403087853048,40.4420575675912],[-74.1404642856224,40.4421390610183],[-74.1406509998607,40.4422158742801],[-74.1408689862188,40.4422832862605],[-74.1411118723913,40.442350775132],[-74.1413548705683,40.4424039346857],[-74.1415293360683,40.4424331070934],[-74.1416477159296,40.4424482157542]]}},{"type":"Feature","id":27084,"properties":{"OBJECTID":27084,"PRIMENAME":"Royal Court","ELEVTYP_F":0,"ELEVTYP_T":0},"geometry":{"type":"LineString","coordinates":[[-74.124095469287,40.43498719769],[-74.1243443304737,40.4349964861107],[-74.1243252917549,40.4356779360402],[-74.1242966742454,40.4356767136421],[-74.1240755709415,40.435670379412],[-74.124095469287,40.43498719769]]}},{"type":"Feature","id":28297,"properties":{"OBJECTID":28297,"PRIMENAME":"Magnolia Place","ELEVTYP_F":0,"ELEVTYP_T":0},"geometry":{"type":"LineString","coordinates":[[-74.1308417339203,40.4374002500811],[-74.1309375483093,40.4374010504449],[-74.1318606567794,40.4374087427169],[-74.1319255019491,40.4374092779229]]}},{"type":"Feature","id":28949,"properties":{"OBJECTID":28949,"PRIMENAME":"Main Street","ELEVTYP_F":0,"ELEVTYP_T":0},"geometry":{"type":"LineString","coordinates":[[-74.129895971764,40.4418906549315],[-74.1297175085705,40.4427094011298]]}},{"type":"Feature","id":30332,"properties":{"OBJECTID":30332,"PRIMENAME":"Alberta Avenue","ELEVTYP_F":0,"ELEVTYP_T":0},"geometry":{"type":"LineString","coordinates":[[-74.1199704063282,40.4364104800831],[-74.1196839798995,40.4364200801638],[-74.1194869304847,40.4364250589575]]}},{"type":"Feature","id":30605,"properties":{"OBJECTID":30605,"PRIMENAME":"Forest Avenue","ELEVTYP_F":0,"ELEVTYP_T":0},"geometry":{"type":"LineString","coordinates":[[-74.1257763445279,40.4427925706985],[-74.1258475287776,40.4430894424194],[-74.1259455014335,40.4434800373784]]}},{"type":"Feature","id":31161,"properties":{"OBJECTID":31161,"PRIMENAME":"East Church Street","ELEVTYP_F":0,"ELEVTYP_T":0},"geometry":{"type":"LineString","coordinates":[[-74.1264974297074,40.4420906893035],[-74.1265579875495,40.4420813868115],[-74.1272572344954,40.4419740304289],[-74.1273234407752,40.4419630435415]]}},{"type":"Feature","id":31654,"properties":{"OBJECTID":31654,"PRIMENAME":"Orchard Street","ELEVTYP_F":0,"ELEVTYP_T":0},"geometry":{"type":"LineString","coordinates":[[-74.1218157890777,40.4453533146868],[-74.1219424178782,40.4447877340226],[-74.1222109777605,40.4436114100969],[-74.122228142663,40.4435362215067]]}},{"type":"Feature","id":33602,"properties":{"OBJECTID":33602,"PRIMENAME":"Harding Avenue","ELEVTYP_F":0,"ELEVTYP_T":0},"geometry":{"type":"LineString","coordinates":[[-74.1281520448199,40.4418274106501],[-74.1280095956045,40.4412710865922],[-74.1279899346851,40.4411943240745]]}},{"type":"Feature","id":33633,"properties":{"OBJECTID":33633,"PRIMENAME":"Sycamore Avenue","ELEVTYP_F":0,"ELEVTYP_T":0},"geometry":{"type":"LineString","coordinates":[[-74.1167096680903,40.4388260456905],[-74.116618781164,40.4388304663706],[-74.1165806489302,40.4388306857538],[-74.1158370708168,40.438834981028]]}},{"type":"Feature","id":33950,"properties":{"OBJECTID":33950,"PRIMENAME":"Port Monmouth Road","ELEVTYP_F":0,"ELEVTYP_T":0},"geometry":{"type":"LineString","coordinates":[[-74.1280844476375,40.4411712944354],[-74.1279899346851,40.4411943240745]]}},{"type":"Feature","id":34123,"properties":{"OBJECTID":34123,"PRIMENAME":"Manning Place","ELEVTYP_F":0,"ELEVTYP_T":0},"geometry":{"type":"LineString","coordinates":[[-74.1340140179471,40.4427176206384],[-74.134127337515,40.4426917905791],[-74.1346955279917,40.4425935265274],[-74.1351576035351,40.4425043959467],[-74.13527100822,40.4424825179339]]}},{"type":"Feature","id":34162,"properties":{"OBJECTID":34162,"PRIMENAME":"Creek Road","ELEVTYP_F":0,"ELEVTYP_T":0},"geometry":{"type":"LineString","coordinates":[[-74.1351582554801,40.4422337976642],[-74.1351405077274,40.4422041043512],[-74.1350414799913,40.4420655735264],[-74.1349432523835,40.4419646485878],[-74.134911203507,40.4419317200172],[-74.1347872311296,40.4417883890441],[-74.1346817990321,40.441678414022],[-74.1345639821553,40.4415398513215],[-74.1345130361572,40.4414797906156]]}},{"type":"Feature","id":34882,"properties":{"OBJECTID":34882,"PRIMENAME":"Central Avenue","ELEVTYP_F":0,"ELEVTYP_T":0},"geometry":{"type":"LineString","coordinates":[[-74.144441624601,40.444399229019],[-74.1444625920912,40.4441581287633],[-74.1444646888589,40.4441340359392],[-74.1444842621198,40.4439720497331]]}},{"type":"Feature","id":35621,"properties":{"OBJECTID":35621,"PRIMENAME":"Leroy Place","ELEVTYP_F":0,"ELEVTYP_T":0},"geometry":{"type":"LineString","coordinates":[[-74.1329519298533,40.4381122539415],[-74.132960560957,40.4381700393101],[-74.1330086650993,40.4384942841807],[-74.1330435604287,40.4386973989168]]}},{"type":"Feature","id":35685,"properties":{"OBJECTID":35685,"PRIMENAME":"Morningside Avenue","ELEVTYP_F":0,"ELEVTYP_T":0},"geometry":{"type":"LineString","coordinates":[[-74.1199323764028,40.4454732506038],[-74.1200451208975,40.4449578072223],[-74.1202052179393,40.4442196411716],[-74.12036509588,40.4435195773622],[-74.1203810696883,40.4434456748495]]}},{"type":"Feature","id":35845,"properties":{"OBJECTID":35845,"PRIMENAME":"Shore Boulevard","ELEVTYP_F":0,"ELEVTYP_T":0},"geometry":{"type":"LineString","coordinates":[[-74.1197274358074,40.446344325159],[-74.1192839010148,40.446094347051],[-74.1185688154083,40.4456821394999],[-74.1184382780174,40.4456054481488],[-74.1182079967079,40.445509404014],[-74.1177909938411,40.4453411757778],[-74.1175668577121,40.4452642018643],[-74.117499860699,40.4452381048951]]}},{"type":"Feature","id":36349,"properties":{"OBJECTID":36349,"PRIMENAME":"Central Avenue","ELEVTYP_F":0,"ELEVTYP_T":0},"geometry":{"type":"LineString","coordinates":[[-74.1446512950595,40.4425066530575],[-74.144622051305,40.4426904329724],[-74.1445693072815,40.443181159185]]}},{"type":"Feature","id":36898,"properties":{"OBJECTID":36898,"PRIMENAME":"Ocean Avenue","ELEVTYP_F":0,"ELEVTYP_T":0},"geometry":{"type":"LineString","coordinates":[[-74.1167018800529,40.438166661548],[-74.1167096680903,40.4388260456905]]}},{"type":"Feature","id":37175,"properties":{"OBJECTID":37175,"PRIMENAME":"Port Monmouth Road","ELEVTYP_F":0,"ELEVTYP_T":0},"geometry":{"type":"LineString","coordinates":[[-74.1185888526549,40.4422961467133],[-74.1178681179337,40.4421597480517],[-74.1176173413634,40.4421128557133]]}},{"type":"Feature","id":38022,"properties":{"OBJECTID":38022,"PRIMENAME":"Leroy Place","ELEVTYP_F":0,"ELEVTYP_T":0},"geometry":{"type":"LineString","coordinates":[[-74.1330435604287,40.4386973989168],[-74.1330785456501,40.4389011452685],[-74.1331110870867,40.4390906645643]]}},{"type":"Feature","id":38086,"properties":{"OBJECTID":38086,"PRIMENAME":"Carr Avenue","ELEVTYP_F":0,"ELEVTYP_T":0},"geometry":{"type":"LineString","coordinates":[[-74.1319222600249,40.4431026850482],[-74.1316426887953,40.4422005062459],[-74.1315075628235,40.4417716402321]]}},{"type":"Feature","id":38090,"properties":{"OBJECTID":38090,"PRIMENAME":"Dalby Place","ELEVTYP_F":0,"ELEVTYP_T":0},"geometry":{"type":"LineString","coordinates":[[-74.1207246888311,40.4408472832427],[-74.1199901854781,40.4408126085206]]}},{"type":"Feature","id":38638,"properties":{"OBJECTID":38638,"PRIMENAME":"Wood Street","ELEVTYP_F":0,"ELEVTYP_T":0},"geometry":{"type":"LineString","coordinates":[[-74.133905823203,40.4398315473305],[-74.1331888259654,40.4398461300278]]}},{"type":"Feature","id":38934,"properties":{"OBJECTID":38934,"PRIMENAME":"Monroe Avenue","ELEVTYP_F":0,"ELEVTYP_T":0},"geometry":{"type":"LineString","coordinates":[[-74.1344406648656,40.4413156762412],[-74.1346060053461,40.4411609063844],[-74.1357981421371,40.4400449476503],[-74.1362056639099,40.4396754009425]]}},{"type":"Feature","id":39436,"properties":{"OBJECTID":39436,"PRIMENAME":"Twilight Avenue","ELEVTYP_F":0,"ELEVTYP_T":0},"geometry":{"type":"LineString","coordinates":[[-74.1228430899067,40.4417439794256],[-74.1228221810185,40.4416399172334],[-74.1227701819716,40.4414229909977],[-74.1227589420041,40.4413190774214],[-74.1227595478174,40.4412107011081],[-74.1227836584389,40.4411204637886],[-74.1228196096412,40.4410393246141],[-74.1228734369826,40.4409355962957],[-74.1230162801476,40.4407508747599]]}},{"type":"Feature","id":39443,"properties":{"OBJECTID":39443,"PRIMENAME":"Park Avenue","ELEVTYP_F":0,"ELEVTYP_T":0},"geometry":{"type":"LineString","coordinates":[[-74.1218157890777,40.4453533146868],[-74.1214146475624,40.4454626864383],[-74.1209335464109,40.4455993550373],[-74.1208348345074,40.4455878859269]]}},{"type":"Feature","id":39480,"properties":{"OBJECTID":39480,"PRIMENAME":"Ocean Avenue","ELEVTYP_F":0,"ELEVTYP_T":0},"geometry":{"type":"LineString","coordinates":[[-74.1166942266195,40.4375153492995],[-74.1167018800529,40.438166661548]]}},{"type":"Feature","id":39618,"properties":{"OBJECTID":39618,"PRIMENAME":"Snyder Avenue","ELEVTYP_F":0,"ELEVTYP_T":0},"geometry":{"type":"LineString","coordinates":[[-74.1271826661579,40.4413911311351],[-74.1272038147014,40.4414781937787],[-74.1272952585124,40.4418549859915],[-74.1273234407752,40.4419630435415]]}},{"type":"Feature","id":39948,"properties":{"OBJECTID":39948,"PRIMENAME":"Lancaster Avenue","ELEVTYP_F":0,"ELEVTYP_T":0},"geometry":{"type":"LineString","coordinates":[[-74.1275344956072,40.4427891080559],[-74.1274397381965,40.4428038730947],[-74.1267593439871,40.442892241131],[-74.1267000533468,40.4428999284712]]}},{"type":"Feature","id":40147,"properties":{"OBJECTID":40147,"PRIMENAME":"Monmouth Avenue","ELEVTYP_F":0,"ELEVTYP_T":0},"geometry":{"type":"LineString","coordinates":[[-74.1182718148928,40.4447719935854],[-74.1181935852881,40.4447414558077],[-74.1169611451946,40.4442608217863],[-74.1156789953463,40.4437609023331],[-74.115582625379,40.4437238512104]]}},{"type":"Feature","id":40281,"properties":{"OBJECTID":40281,"PRIMENAME":"Church Street","ELEVTYP_F":0,"ELEVTYP_T":0},"geometry":{"type":"LineString","coordinates":[[-74.1306475016255,40.4418532538635],[-74.1313938596462,40.4417823402864],[-74.1315075628235,40.4417716402321]]}},{"type":"Feature","id":40310,"properties":{"OBJECTID":40310,"PRIMENAME":"Robin Road","ELEVTYP_F":0,"ELEVTYP_T":0},"geometry":{"type":"LineString","coordinates":[[-74.1439374752495,40.4364301976666],[-74.1440374757182,40.4361161978232],[-74.1440384758768,40.4360981980241],[-74.1440174766619,40.4360701973361]]}},{"type":"Feature","id":40847,"properties":{"OBJECTID":40847,"PRIMENAME":"Frazee Avenue","ELEVTYP_F":0,"ELEVTYP_T":0},"geometry":{"type":"LineString","coordinates":[[-74.1279069206342,40.4405522404568],[-74.1277235942286,40.4399130255906]]}},{"type":"Feature","id":40906,"properties":{"OBJECTID":40906,"PRIMENAME":"Snyder Avenue","ELEVTYP_F":0,"ELEVTYP_T":0},"geometry":{"type":"LineString","coordinates":[[-74.1273234407752,40.4419630435415],[-74.1274296657872,40.4423701347986],[-74.1275344956072,40.4427891080559]]}},{"type":"Feature","id":41670,"properties":{"OBJECTID":41670,"PRIMENAME":"Atlantic Avenue","ELEVTYP_F":0,"ELEVTYP_T":0},"geometry":{"type":"LineString","coordinates":[[-74.1187333459084,40.4432275856562],[-74.1186784868176,40.4434043845373]]}},{"type":"Feature","id":41730,"properties":{"OBJECTID":41730,"PRIMENAME":"Cedar Avenue","ELEVTYP_F":0,"ELEVTYP_T":0},"geometry":{"type":"LineString","coordinates":[[-74.1195264709474,40.4381420073022],[-74.1186973753486,40.4381472094382]]}},{"type":"Feature","id":41879,"properties":{"OBJECTID":41879,"PRIMENAME":"Morningside Avenue","ELEVTYP_F":0,"ELEVTYP_T":0},"geometry":{"type":"LineString","coordinates":[[-74.1206724277169,40.4414963944017],[-74.1207099221817,40.4410262186162],[-74.1207246888311,40.4408472832427]]}},{"type":"Feature","id":42017,"properties":{"OBJECTID":42017,"PRIMENAME":"Center Avenue","ELEVTYP_F":0,"ELEVTYP_T":0},"geometry":{"type":"LineString","coordinates":[[-74.1337880900545,40.4527735348353],[-74.133617399825,40.4526538550666]]}},{"type":"Feature","id":42049,"properties":{"OBJECTID":42049,"PRIMENAME":"Saint James Place","ELEVTYP_F":0,"ELEVTYP_T":0},"geometry":{"type":"LineString","coordinates":[[-74.1388514454166,40.4505327397841],[-74.1387122826371,40.4506272545889]]}},{"type":"Feature","id":42104,"properties":{"OBJECTID":42104,"PRIMENAME":"Port Monmouth Road","ELEVTYP_F":0,"ELEVTYP_T":0},"geometry":{"type":"LineString","coordinates":[[-74.1279899346851,40.4411943240745],[-74.1273149228825,40.4413585338741]]}},{"type":"Feature","id":42919,"properties":{"OBJECTID":42919,"PRIMENAME":"7th Street","ELEVTYP_F":0,"ELEVTYP_T":0},"geometry":{"type":"LineString","coordinates":[[-74.14773853039,40.4432092533613],[-74.1466217341308,40.4431921453475]]}},{"type":"Feature","id":43032,"properties":{"OBJECTID":43032,"PRIMENAME":"Park Avenue","ELEVTYP_F":0,"ELEVTYP_T":0},"geometry":{"type":"LineString","coordinates":[[-74.1242883173681,40.4446671834447],[-74.1234264653021,40.4449069137129],[-74.1227902484468,40.4450837403541]]}},{"type":"Feature","id":43134,"properties":{"OBJECTID":43134,"PRIMENAME":"Bay Avenue","ELEVTYP_F":0,"ELEVTYP_T":0},"geometry":{"type":"LineString","coordinates":[[-74.1176173413634,40.4421128557133],[-74.1176287636714,40.4420373741033],[-74.1176417177414,40.4419516032656],[-74.1176548052824,40.4418420605277],[-74.1176556423324,40.4416943190405],[-74.117653314865,40.4410080242574],[-74.1176427571773,40.4404807008379]]}},{"type":"Feature","id":43142,"properties":{"OBJECTID":43142,"PRIMENAME":"Laurel Avenue","ELEVTYP_F":0,"ELEVTYP_T":0},"geometry":{"type":"LineString","coordinates":[[-74.1410185255577,40.4372444477097],[-74.1409948743507,40.4373748237272],[-74.140982027085,40.4374462675511],[-74.1409931506788,40.4376988836023],[-74.1410007406725,40.4377580107044]]}},{"type":"Feature","id":43533,"properties":{"OBJECTID":43533,"PRIMENAME":"Atlantic Avenue","ELEVTYP_F":0,"ELEVTYP_T":0},"geometry":{"type":"LineString","coordinates":[[-74.1195814412649,40.4401560039832],[-74.1195578885075,40.440465469533]]}},{"type":"Feature","id":43558,"properties":{"OBJECTID":43558,"PRIMENAME":"Washington Avenue","ELEVTYP_F":0,"ELEVTYP_T":0},"geometry":{"type":"LineString","coordinates":[[-74.1355433866896,40.4475862797177],[-74.1345927119925,40.4477594072644],[-74.1344895587199,40.4477776937304]]}},{"type":"Feature","id":43576,"properties":{"OBJECTID":43576,"PRIMENAME":"Unnamed Segment","ELEVTYP_F":0,"ELEVTYP_T":0},"geometry":{"type":"LineString","coordinates":[[-74.1357514752317,40.4428712000074],[-74.135417688039,40.4429306265748]]}},{"type":"Feature","id":43677,"properties":{"OBJECTID":43677,"PRIMENAME":"Port Monmouth Road","ELEVTYP_F":0,"ELEVTYP_T":0},"geometry":{"type":"LineString","coordinates":[[-74.1167443976382,40.441947424188],[-74.1162542639996,40.4418493885652],[-74.1159316105753,40.4417871826811],[-74.1158659643269,40.4417750779505]]}},{"type":"Feature","id":43745,"properties":{"OBJECTID":43745,"PRIMENAME":"Hillside Avenue","ELEVTYP_F":0,"ELEVTYP_T":0},"geometry":{"type":"LineString","coordinates":[[-74.138269655359,40.4358721145064],[-74.1381962912747,40.4358457781046],[-74.1380219522555,40.4357832746979],[-74.1378102755411,40.4357158770691],[-74.1376483368814,40.4356724901877],[-74.1374712376383,40.4356158242485]]}},{"type":"Feature","id":43906,"properties":{"OBJECTID":43906,"PRIMENAME":"Ocean Avenue","ELEVTYP_F":0,"ELEVTYP_T":0},"geometry":{"type":"LineString","coordinates":[[-74.1166768454718,40.4345595579865],[-74.116679104918,40.4353447614864]]}},{"type":"Feature","id":43964,"properties":{"OBJECTID":43964,"PRIMENAME":"Center Avenue","ELEVTYP_F":0,"ELEVTYP_T":0},"geometry":{"type":"LineString","coordinates":[[-74.1300981436631,40.4505432147682],[-74.1299988166132,40.4504851660744],[-74.1296124454775,40.4504076682471],[-74.1287087726153,40.4502379740687],[-74.1286028388199,40.4502185555856],[-74.1285218675128,40.4501944951855],[-74.1283786741887,40.4501415746538],[-74.1282979096153,40.4501063423611],[-74.1281932599549,40.4500820128563]]}},{"type":"Feature","id":44015,"properties":{"OBJECTID":44015,"PRIMENAME":"Seabreeze Way","ELEVTYP_F":0,"ELEVTYP_T":0},"geometry":{"type":"LineString","coordinates":[[-74.1426733354303,40.4497967510456],[-74.1425543063839,40.449833607293],[-74.1422793825668,40.4499137935059],[-74.1413651604909,40.4505543687677],[-74.1403193715427,40.4512945602573],[-74.1402548120192,40.4513456110073]]}},{"type":"Feature","id":44024,"properties":{"OBJECTID":44024,"PRIMENAME":"Liberty Place","ELEVTYP_F":0,"ELEVTYP_T":0},"geometry":{"type":"LineString","coordinates":[[-74.1398326873296,40.4369396163426],[-74.1398689011135,40.4368184752151],[-74.1402943902523,40.4353947904736],[-74.1403007189815,40.4353734803231]]}},{"type":"Feature","id":44048,"properties":{"OBJECTID":44048,"PRIMENAME":"Brown Avenue","ELEVTYP_F":0,"ELEVTYP_T":0},"geometry":{"type":"LineString","coordinates":[[-74.1468880060495,40.4409003199745],[-74.1469128660498,40.4411962115405],[-74.1469063511243,40.4412534011025],[-74.1468874068498,40.4412962226398],[-74.1468685384255,40.4413247692849],[-74.1468546464434,40.4413326605741],[-74.146843493844,40.4413389949203],[-74.1468060169736,40.4413531555491],[-74.1467436450551,40.4413529649764],[-74.1466437844079,40.4413622128624],[-74.1465938043382,40.4413763343042],[-74.1465437989411,40.4413952875725],[-74.1464937450836,40.4414237117853],[-74.1464623836319,40.4414569971473],[-74.146418405801,40.4415188202722],[-74.1464117542113,40.4415950326702],[-74.1464260784787,40.4424338581362],[-74.146427479863,40.4425162438103]]}},{"type":"Feature","id":44130,"properties":{"OBJECTID":44130,"PRIMENAME":"Central Avenue","ELEVTYP_F":0,"ELEVTYP_T":0},"geometry":{"type":"LineString","coordinates":[[-74.1438885243068,40.441317686944],[-74.1443712300329,40.4417412669728],[-74.1446444126647,40.4419851632055],[-74.1446816497836,40.4420234070876],[-74.1446876247696,40.4420758579157],[-74.1446868468886,40.4422235998429],[-74.144671155787,40.442358173629]]}},{"type":"Feature","id":44751,"properties":{"OBJECTID":44751,"PRIMENAME":"Robin Road","ELEVTYP_F":0,"ELEVTYP_T":0},"geometry":{"type":"LineString","coordinates":[[-74.1438514746375,40.4367081987556],[-74.1439374752495,40.4364301976666]]}},{"type":"Feature","id":44901,"properties":{"OBJECTID":44901,"PRIMENAME":"Johnson Lane","ELEVTYP_F":0,"ELEVTYP_T":0},"geometry":{"type":"LineString","coordinates":[[-74.1288071176729,40.4491746557046],[-74.1287399360891,40.4491133326453],[-74.1282916943183,40.4489450699234],[-74.1281794571754,40.4489351838394],[-74.1280484467269,40.4489347623811],[-74.1277427141395,40.4489433034046],[-74.1273495589728,40.4489706409319],[-74.1269064057727,40.4490073418049],[-74.1266318189704,40.4490302834222],[-74.1263696910718,40.4490484876772],[-74.1262636541494,40.4490481449095],[-74.126122474359,40.4490476883904]]}},{"type":"Feature","id":45055,"properties":{"OBJECTID":45055,"PRIMENAME":"Morningside Avenue","ELEVTYP_F":0,"ELEVTYP_T":0},"geometry":{"type":"LineString","coordinates":[[-74.1207750658585,40.4402133739834],[-74.1208117452523,40.4396385493147],[-74.1208168896588,40.4395734509352]]}},{"type":"Feature","id":45294,"properties":{"OBJECTID":45294,"PRIMENAME":"Main Street","ELEVTYP_F":0,"ELEVTYP_T":0},"geometry":{"type":"LineString","coordinates":[[-74.1303814172433,40.439528907794],[-74.1303042319322,40.4398918497719],[-74.1302469491686,40.4401612042469],[-74.1302281878944,40.4402494320232]]}},{"type":"Feature","id":45453,"properties":{"OBJECTID":45453,"PRIMENAME":"5th Street","ELEVTYP_F":0,"ELEVTYP_T":0},"geometry":{"type":"LineString","coordinates":[[-74.1398085220479,40.4446248126685],[-74.1399643206439,40.4445946123579],[-74.1403893020263,40.4445122298484],[-74.1411697273089,40.4443764366924],[-74.1417567681998,40.4442543412782],[-74.141897651756,40.4442547777738]]}},{"type":"Feature","id":45605,"properties":{"OBJECTID":45605,"PRIMENAME":"South Laurel Avenue","ELEVTYP_F":0,"ELEVTYP_T":0},"geometry":{"type":"LineString","coordinates":[[-74.1419104573665,40.4356251572489],[-74.1418166787159,40.4357762624074]]}},{"type":"Feature","id":45730,"properties":{"OBJECTID":45730,"PRIMENAME":"Neptune Place","ELEVTYP_F":0,"ELEVTYP_T":0},"geometry":{"type":"LineString","coordinates":[[-74.1207750658585,40.4402133739834],[-74.1196752263723,40.440160512234],[-74.1195814412649,40.4401560039832]]}},{"type":"Feature","id":46329,"properties":{"OBJECTID":46329,"PRIMENAME":"Holly Street","ELEVTYP_F":0,"ELEVTYP_T":0},"geometry":{"type":"LineString","coordinates":[[-74.1243614498266,40.442489667186],[-74.1250004122189,40.4423051258235]]}},{"type":"Feature","id":46376,"properties":{"OBJECTID":46376,"PRIMENAME":"13th Street","ELEVTYP_F":0,"ELEVTYP_T":0},"geometry":{"type":"LineString","coordinates":[[-74.1399626752524,40.437733507634],[-74.1401353265739,40.437642274583]]}},{"type":"Feature","id":46423,"properties":{"OBJECTID":46423,"PRIMENAME":"3rd Street","ELEVTYP_F":0,"ELEVTYP_T":0},"geometry":{"type":"LineString","coordinates":[[-74.1420924797031,40.4456278739901],[-74.1419615569653,40.4456323275198],[-74.1406939600977,40.445861923712]]}},{"type":"Feature","id":46504,"properties":{"OBJECTID":46504,"PRIMENAME":"Park Avenue","ELEVTYP_F":0,"ELEVTYP_T":0},"geometry":{"type":"LineString","coordinates":[[-74.1286105908924,40.4443646893506],[-74.1281981113482,40.4444219175428],[-74.1275469814104,40.4445109877141]]}},{"type":"Feature","id":46699,"properties":{"OBJECTID":46699,"PRIMENAME":"Dalby Place","ELEVTYP_F":0,"ELEVTYP_T":0},"geometry":{"type":"LineString","coordinates":[[-74.1221707997455,40.4409175453711],[-74.1212701277887,40.4408730094718],[-74.1207246888311,40.4408472832427]]}},{"type":"Feature","id":46772,"properties":{"OBJECTID":46772,"PRIMENAME":"9th Street","ELEVTYP_F":0,"ELEVTYP_T":0},"geometry":{"type":"LineString","coordinates":[[-74.144671155787,40.442358173629],[-74.1445551463869,40.4423566371636],[-74.1426839059647,40.442331789502],[-74.1426678800295,40.4423320416813]]}},{"type":"Feature","id":46777,"properties":{"OBJECTID":46777,"PRIMENAME":"Woodside Avenue","ELEVTYP_F":0,"ELEVTYP_T":0},"geometry":{"type":"LineString","coordinates":[[-74.125322323923,40.4449941105205],[-74.1254192258834,40.4452020674408]]}},{"type":"Feature","id":47144,"properties":{"OBJECTID":47144,"PRIMENAME":"Shore Boulevard","ELEVTYP_F":0,"ELEVTYP_T":0},"geometry":{"type":"LineString","coordinates":[[-74.1212128869317,40.4471917427313],[-74.1205563268064,40.4468151793513]]}},{"type":"Feature","id":47264,"properties":{"OBJECTID":47264,"PRIMENAME":"Seeley Avenue","ELEVTYP_F":0,"ELEVTYP_T":0},"geometry":{"type":"LineString","coordinates":[[-74.138019822656,40.4491416652879],[-74.137573012613,40.4492175967389],[-74.1374105905826,40.4492647428186],[-74.1372355160851,40.4493261510831],[-74.1370418225423,40.4494018036415],[-74.1364603272525,40.4496382822933],[-74.1363415681404,40.4496712899713],[-74.1362729198394,40.449680572114],[-74.1361930490372,40.4496721952325]]}},{"type":"Feature","id":47367,"properties":{"OBJECTID":47367,"PRIMENAME":"Maplewood Avenue","ELEVTYP_F":0,"ELEVTYP_T":0},"geometry":{"type":"LineString","coordinates":[[-74.1425691239524,40.449030807109],[-74.1430018851807,40.4489533034835],[-74.1432391860269,40.44890638065],[-74.1435391636966,40.4488167982898],[-74.1436811686886,40.4487796993192],[-74.1437015908615,40.4487743647455],[-74.1437765292056,40.4487507684306],[-74.1438264146154,40.4487557261405],[-74.1438824915569,40.448765397024],[-74.1439322754118,40.4487893776366],[-74.1442615079382,40.4491459925708]]}},{"type":"Feature","id":47411,"properties":{"OBJECTID":47411,"PRIMENAME":"Oceanview Avenue","ELEVTYP_F":0,"ELEVTYP_T":0},"geometry":{"type":"LineString","coordinates":[[-74.1314286902158,40.4536788249707],[-74.131497767089,40.4536115965376],[-74.1325108236088,40.4526250868966],[-74.1328352924576,40.4523091118751],[-74.1328587569626,40.4522862606963],[-74.1329152335714,40.4522292316156],[-74.1329084559401,40.4522068643983]]}},{"type":"Feature","id":47798,"properties":{"OBJECTID":47798,"PRIMENAME":"Ramsey Avenue","ELEVTYP_F":0,"ELEVTYP_T":0},"geometry":{"type":"LineString","coordinates":[[-74.1342716949184,40.4435155449076],[-74.1343891219408,40.4438793192512],[-74.1346465819127,40.4447189413789],[-74.1347726528988,40.4451195003083]]}},{"type":"Feature","id":48055,"properties":{"OBJECTID":48055,"PRIMENAME":"9th Street","ELEVTYP_F":0,"ELEVTYP_T":0},"geometry":{"type":"LineString","coordinates":[[-74.1379929274149,40.4404580687775],[-74.1378227410351,40.4403626633742],[-74.1376236712051,40.4402667285748],[-74.1375117286724,40.4402044191018],[-74.1373628764387,40.4400371296975],[-74.1373232871162,40.4399962399026]]}},{"type":"Feature","id":48137,"properties":{"OBJECTID":48137,"PRIMENAME":"Port Monmouth Road","ELEVTYP_F":0,"ELEVTYP_T":0},"geometry":{"type":"LineString","coordinates":[[-74.1215801731318,40.442222470007],[-74.1214389859762,40.4422386983838],[-74.1207715563923,40.4423214176305],[-74.120689903116,40.4423315268982],[-74.1206783982253,40.4423327518434]]}},{"type":"Feature","id":48489,"properties":{"OBJECTID":48489,"PRIMENAME":"Seabreeze Avenue","ELEVTYP_F":0,"ELEVTYP_T":0},"geometry":{"type":"LineString","coordinates":[[-74.1172180945564,40.4451283554462],[-74.1152824884629,40.4443743866105],[-74.1151813502089,40.4443353432892]]}},{"type":"Feature","id":48625,"properties":{"OBJECTID":48625,"PRIMENAME":"Palmer Place","ELEVTYP_F":0,"ELEVTYP_T":0},"geometry":{"type":"LineString","coordinates":[[-74.1308048804645,40.4375695902983],[-74.1306685214193,40.4375526568524],[-74.130398566955,40.4375191270467],[-74.1299205922735,40.4374597571372],[-74.1296207815383,40.4374200353142]]}},{"type":"Feature","id":48667,"properties":{"OBJECTID":48667,"PRIMENAME":"Jahn Street","ELEVTYP_F":0,"ELEVTYP_T":0},"geometry":{"type":"LineString","coordinates":[[-74.1364944143264,40.4516349348787],[-74.1347946385704,40.4519444732963],[-74.134686295488,40.4519641980492]]}},{"type":"Feature","id":49123,"properties":{"OBJECTID":49123,"PRIMENAME":"Cedar Avenue","ELEVTYP_F":0,"ELEVTYP_T":0},"geometry":{"type":"LineString","coordinates":[[-74.1167018800529,40.438166661548],[-74.1158279537551,40.4381769929149]]}},{"type":"Feature","id":49137,"properties":{"OBJECTID":49137,"PRIMENAME":"Brown Avenue","ELEVTYP_F":0,"ELEVTYP_T":0},"geometry":{"type":"LineString","coordinates":[[-74.146827124642,40.4383152970927],[-74.1467838943378,40.438426864967],[-74.1467396434744,40.4385410649738],[-74.1467205013166,40.4386220441704],[-74.1467138514144,40.4386982836491],[-74.1467256057466,40.4388412869893],[-74.1467335803042,40.4389436779742],[-74.1467971054954,40.4397593906192]]}},{"type":"Feature","id":49159,"properties":{"OBJECTID":49159,"PRIMENAME":"Main Street","ELEVTYP_F":0,"ELEVTYP_T":0},"geometry":{"type":"LineString","coordinates":[[-74.1297175085705,40.4427094011298],[-74.1296019202474,40.4432397506876],[-74.1295635922069,40.4434016742565],[-74.1295568335819,40.4434874383602],[-74.1295531025133,40.4435190234838]]}},{"type":"Feature","id":50025,"properties":{"OBJECTID":50025,"PRIMENAME":"South Park Avenue","ELEVTYP_F":0,"ELEVTYP_T":0},"geometry":{"type":"LineString","coordinates":[[-74.1466252679227,40.442517315997],[-74.1466249030939,40.442586986461],[-74.1466217341308,40.4431921453475]]}},{"type":"Feature","id":50104,"properties":{"OBJECTID":50104,"PRIMENAME":"Carr Avenue","ELEVTYP_F":0,"ELEVTYP_T":0},"geometry":{"type":"LineString","coordinates":[[-74.1344957279447,40.4513480239821],[-74.134445791726,40.4511866439945],[-74.1343020584484,40.4507281615256]]}},{"type":"Feature","id":50105,"properties":{"OBJECTID":50105,"PRIMENAME":"Kennedy Way","ELEVTYP_F":0,"ELEVTYP_T":0},"geometry":{"type":"LineString","coordinates":[[-74.1351087303425,40.446187079593],[-74.1354998987888,40.4461180377747],[-74.1361599426724,40.4459961460689]]}},{"type":"Feature","id":50128,"properties":{"OBJECTID":50128,"PRIMENAME":"Center Avenue","ELEVTYP_F":0,"ELEVTYP_T":0},"geometry":{"type":"LineString","coordinates":[[-74.1381690749778,40.4513622432495],[-74.1383514397203,40.4512333473703],[-74.1385423765519,40.4510983942013],[-74.1385924422649,40.4510699465093],[-74.1386301658594,40.4510176599841],[-74.138655537841,40.4509367017897],[-74.1386812269653,40.4508033410214],[-74.1387005353622,40.4506937875526],[-74.1387122826371,40.4506272545889]]}},{"type":"Feature","id":50186,"properties":{"OBJECTID":50186,"PRIMENAME":"Willis Avenue","ELEVTYP_F":0,"ELEVTYP_T":0},"geometry":{"type":"LineString","coordinates":[[-74.1264974297074,40.4420906893035],[-74.1263979408017,40.4416948192826],[-74.1263720671474,40.4415918476637]]}},{"type":"Feature","id":50511,"properties":{"OBJECTID":50511,"PRIMENAME":"Forest Avenue","ELEVTYP_F":0,"ELEVTYP_T":0},"geometry":{"type":"LineString","coordinates":[[-74.1262835602365,40.445058658044],[-74.1262970546832,40.4452689257913],[-74.1263444131387,40.4457361107731],[-74.126349035385,40.4460173389581],[-74.126360912964,40.4460851548196]]}},{"type":"Feature","id":51401,"properties":{"OBJECTID":51401,"PRIMENAME":"Hancock Street","ELEVTYP_F":0,"ELEVTYP_T":0},"geometry":{"type":"LineString","coordinates":[[-74.1290498887268,40.4403139111616],[-74.1290753921314,40.4403088242287],[-74.1292251815142,40.4402789415106],[-74.1296309452005,40.4402230327182],[-74.12976192945,40.4402187032126],[-74.1299241615012,40.4402096425679],[-74.1301485548469,40.4402389919664],[-74.1302281878944,40.4402494320232]]}},{"type":"Feature","id":51712,"properties":{"OBJECTID":51712,"PRIMENAME":"Collins Street","ELEVTYP_F":0,"ELEVTYP_T":0},"geometry":{"type":"LineString","coordinates":[[-74.1288071176729,40.4491746557046],[-74.1288827607453,40.4492329311142],[-74.1299981151655,40.4494795613023],[-74.1302535731394,40.4495375601039],[-74.1303326185449,40.4495587085807],[-74.1305961655988,40.4496292180224],[-74.1309263533932,40.4497160862632],[-74.1312814171627,40.4498077540465],[-74.1313500143584,40.4498079728235],[-74.1314000134017,40.4497985792036],[-74.1315062869444,40.4497560386899],[-74.1318564449903,40.4496141593077],[-74.1321001905331,40.4495339265919],[-74.1323189358838,40.4494583349863]]}},{"type":"Feature","id":51946,"properties":{"OBJECTID":51946,"PRIMENAME":"Oak Street","ELEVTYP_F":0,"ELEVTYP_T":0},"geometry":{"type":"LineString","coordinates":[[-74.1336258467598,40.4515088259352],[-74.1335367237514,40.4515163402514],[-74.1327424329949,40.4516594218608]]}},{"type":"Feature","id":52213,"properties":{"OBJECTID":52213,"PRIMENAME":"Laurel Avenue","ELEVTYP_F":0,"ELEVTYP_T":0},"geometry":{"type":"LineString","coordinates":[[-74.1422810345962,40.4469793447559],[-74.1423084083712,40.4471754487171],[-74.1423795828472,40.4476853540886],[-74.1424471318281,40.4481692773798],[-74.1424784115863,40.448390202299]]}},{"type":"Feature","id":52867,"properties":{"OBJECTID":52867,"PRIMENAME":"Lawrence Avenue","ELEVTYP_F":0,"ELEVTYP_T":0},"geometry":{"type":"LineString","coordinates":[[-74.1233931018635,40.4483673111594],[-74.1230955453255,40.4486707522009],[-74.1230948600138,40.4486714506621]]}},{"type":"Feature","id":53309,"properties":{"OBJECTID":53309,"PRIMENAME":"Saint James Place","ELEVTYP_F":0,"ELEVTYP_T":0},"geometry":{"type":"LineString","coordinates":[[-74.1396275082713,40.4500056447736],[-74.139085378231,40.4503738621998]]}},{"type":"Feature","id":54178,"properties":{"OBJECTID":54178,"PRIMENAME":"Roland Street","ELEVTYP_F":0,"ELEVTYP_T":0},"geometry":{"type":"LineString","coordinates":[[-74.1370899181698,40.4476404892252],[-74.1373013742775,40.4475296314334],[-74.1378244759716,40.447256234813]]}},{"type":"Feature","id":54620,"properties":{"OBJECTID":54620,"PRIMENAME":"2nd Street","ELEVTYP_F":0,"ELEVTYP_T":0},"geometry":{"type":"LineString","coordinates":[[-74.1442264091527,40.446421110369],[-74.1461362978547,40.4465458925808],[-74.1462059464347,40.4465504702468]]}},{"type":"Feature","id":54792,"properties":{"OBJECTID":54792,"PRIMENAME":"East Church Street","ELEVTYP_F":0,"ELEVTYP_T":0},"geometry":{"type":"LineString","coordinates":[[-74.1281520448199,40.4418274106501],[-74.1282374085069,40.4418151402046]]}},{"type":"Feature","id":55792,"properties":{"OBJECTID":55792,"PRIMENAME":"Oakwood Place","ELEVTYP_F":0,"ELEVTYP_T":0},"geometry":{"type":"LineString","coordinates":[[-74.1396597698431,40.4508545452635],[-74.139085378231,40.4503738621998]]}},{"type":"Feature","id":55906,"properties":{"OBJECTID":55906,"PRIMENAME":"9th Street","ELEVTYP_F":0,"ELEVTYP_T":0},"geometry":{"type":"LineString","coordinates":[[-74.1394913379635,40.4413733731931],[-74.139345995454,40.441282897451],[-74.1389605963152,40.4410429847755],[-74.138715543536,40.4408915658174]]}},{"type":"Feature","id":55909,"properties":{"OBJECTID":55909,"PRIMENAME":"5th Street","ELEVTYP_F":0,"ELEVTYP_T":0},"geometry":{"type":"LineString","coordinates":[[-74.144441624601,40.444399229019],[-74.1460097412069,40.4445057486249],[-74.1460845947092,40.4445107547932]]}},{"type":"Feature","id":56056,"properties":{"OBJECTID":56056,"PRIMENAME":"Park Avenue","ELEVTYP_F":0,"ELEVTYP_T":0},"geometry":{"type":"LineString","coordinates":[[-74.1190493694417,40.4453566395979],[-74.1182245455302,40.4452477001092]]}},{"type":"Feature","id":57069,"properties":{"OBJECTID":57069,"PRIMENAME":"South Laurel Avenue","ELEVTYP_F":0,"ELEVTYP_T":0},"geometry":{"type":"LineString","coordinates":[[-74.1421926628814,40.4351703083915],[-74.1419104573665,40.4356251572489]]}},{"type":"Feature","id":57509,"properties":{"OBJECTID":57509,"PRIMENAME":"Center Avenue","ELEVTYP_F":0,"ELEVTYP_T":0},"geometry":{"type":"LineString","coordinates":[[-74.1367320166245,40.4523622127942],[-74.1371271145171,40.4520900096104],[-74.1376079931797,40.451756335357]]}},{"type":"Feature","id":57787,"properties":{"OBJECTID":57787,"PRIMENAME":"Linton Place","ELEVTYP_F":0,"ELEVTYP_T":0},"geometry":{"type":"LineString","coordinates":[[-74.1313711966006,40.4390048342511],[-74.1312218036317,40.439031891219],[-74.1310406638661,40.4390694435922],[-74.1309533439407,40.4390786909331],[-74.1308535380285,40.439078372285],[-74.1305979105114,40.4390584766274],[-74.1304833478112,40.4390495733527]]}},{"type":"Feature","id":58344,"properties":{"OBJECTID":58344,"PRIMENAME":"Creek Road","ELEVTYP_F":0,"ELEVTYP_T":0},"geometry":{"type":"LineString","coordinates":[[-74.1391669697021,40.4473262893956],[-74.1390871135916,40.4472349559414],[-74.1389134950568,40.4470390141624],[-74.1387459648945,40.4468669193104],[-74.1386810240467,40.4468085738969]]}},{"type":"Feature","id":58433,"properties":{"OBJECTID":58433,"PRIMENAME":"Compton Avenue","ELEVTYP_F":0,"ELEVTYP_T":0},"geometry":{"type":"LineString","coordinates":[[-74.138269655359,40.4358721145064],[-74.1383345130745,40.4356555596736],[-74.1384361021897,40.4353222590253],[-74.1385883197723,40.4348461490542],[-74.1386964725853,40.4344604631386],[-74.1387980371485,40.4341176359583],[-74.1388805978841,40.4338414569791],[-74.138927135371,40.4336844146104]]}},{"type":"Feature","id":58896,"properties":{"OBJECTID":58896,"PRIMENAME":"Alberta Avenue","ELEVTYP_F":0,"ELEVTYP_T":0},"geometry":{"type":"LineString","coordinates":[[-74.1217704791401,40.4365001652057],[-74.1214513174598,40.4363570321945],[-74.1211496334728,40.4362240022029],[-74.1211308232355,40.4362148810336],[-74.1211116507334,40.4362062531247],[-74.1210920437589,40.4361981731783],[-74.1210720755461,40.4361906135146],[-74.1210517801192,40.4361836021645],[-74.1210341020999,40.4361777242888],[-74.1210160968649,40.4361723947274],[-74.1209978728566,40.4361676129351],[-74.1209793580138,40.436163407496],[-74.1209606973226,40.436159777084],[-74.120941816496,40.4361567268592],[-74.1209227898555,40.4361542453571],[-74.1209036513696,40.4361523705157],[-74.1208844377485,40.4361510718337],[-74.1208651853737,40.43615037735],[-74.1208458930659,40.4361502870609],[-74.1208266328854,40.4361507723822],[-74.1208073704834,40.4361518629223],[-74.1207882121064,40.4361535293087],[-74.1207691587709,40.4361558003652],[-74.1207502448144,40.4361586482847],[-74.1207314725941,40.4361620730749],[-74.1207129116508,40.4361660749642],[-74.1206945631628,40.4361706539564],[-74.1206764991854,40.4361757823683],[-74.1206587195563,40.4361814890199],[-74.120641224589,40.4361877180727],[-74.1206255933921,40.4361945296478],[-74.1206103552943,40.4362018639808],[-74.1205955105991,40.4362096670343],[-74.1205811288579,40.4362179372357],[-74.120567176036,40.4362266483547],[-74.120553760571,40.4362358007475],[-74.120540803492,40.436245394155],[-74.1205266377722,40.4362546530594],[-74.1204324083471,40.4363238235091],[-74.1204214719588,40.4363327093307],[-74.1204099283515,40.4363412094854],[-74.1203978783405,40.4363492126249],[-74.1203853333934,40.4363567755267],[-74.1203723290275,40.4363638703876],[-74.1203588549439,40.4363704422347],[-74.120344989962,40.4363765183457],[-74.1203307308548,40.4363820437711],[-74.1203161528958,40.4363870475782],[-74.1203012540469,40.4363914730201],[-74.1202860720411,40.4363953175186],[-74.1202706762029,40.4363986200288],[-74.120255104625,40.4364013140285],[-74.1202393571304,40.4364034310393],[-74.1202235045971,40.4364049433743],[-74.120207548199,40.4364058519379],[-74.1201036361052,40.4364080629346],[-74.1199704063282,40.4364104800831]]}},{"type":"Feature","id":59013,"properties":{"OBJECTID":59013,"PRIMENAME":"Garfield Avenue","ELEVTYP_F":0,"ELEVTYP_T":0},"geometry":{"type":"LineString","coordinates":[[-74.1336471963906,40.4486361247321],[-74.1337396363326,40.4486193154482],[-74.1339948696266,40.4485729079205]]}},{"type":"Feature","id":59304,"properties":{"OBJECTID":59304,"PRIMENAME":"North Park Avenue","ELEVTYP_F":0,"ELEVTYP_T":0},"geometry":{"type":"LineString","coordinates":[[-74.1460845947092,40.4445107547932],[-74.1461530867317,40.4445300156535],[-74.1462028684284,40.4445539682773],[-74.1462151971532,40.4445873872546],[-74.1462209882137,40.4446684416814],[-74.1462182404074,40.4451925379085]]}},{"type":"Feature","id":59383,"properties":{"OBJECTID":59383,"PRIMENAME":"Unnamed Segment","ELEVTYP_F":0,"ELEVTYP_T":0},"geometry":{"type":"LineString","coordinates":[[-74.1357514752317,40.4428712000074],[-74.1356394742908,40.442547199148],[-74.1355934748103,40.4424011994119]]}},{"type":"Feature","id":60079,"properties":{"OBJECTID":60079,"PRIMENAME":"Waackaack Avenue","ELEVTYP_F":0,"ELEVTYP_T":0},"geometry":{"type":"LineString","coordinates":[[-74.1358210919948,40.4449266390889],[-74.1356957259311,40.4445077465176],[-74.1355973272119,40.4442453570767],[-74.1355235034009,40.4440496967325],[-74.1352337493288,40.4434197043326],[-74.1351999769111,40.4433463020432]]}},{"type":"Feature","id":60481,"properties":{"OBJECTID":60481,"PRIMENAME":"Oakwood Place","ELEVTYP_F":0,"ELEVTYP_T":0},"geometry":{"type":"LineString","coordinates":[[-74.1402548120192,40.4513456110073],[-74.1397162940088,40.4509018832952],[-74.1396597698431,40.4508545452635]]}},{"type":"Feature","id":60540,"properties":{"OBJECTID":60540,"PRIMENAME":"Compton Avenue","ELEVTYP_F":0,"ELEVTYP_T":0},"geometry":{"type":"LineString","coordinates":[[-74.1379664951685,40.4364840757274],[-74.1380376027122,40.4363552214817],[-74.1381320739716,40.4361839454641],[-74.1382077351296,40.4360364378108],[-74.1382646433617,40.4358888714286],[-74.138269655359,40.4358721145064]]}},{"type":"Feature","id":61030,"properties":{"OBJECTID":61030,"PRIMENAME":"Stone Street","ELEVTYP_F":0,"ELEVTYP_T":0},"geometry":{"type":"LineString","coordinates":[[-74.1341229441303,40.4415205300299],[-74.1341774092743,40.4415147734904],[-74.134233739493,40.441509406498]]}},{"type":"Feature","id":62159,"properties":{"OBJECTID":62159,"PRIMENAME":"Pine View Avenue","ELEVTYP_F":0,"ELEVTYP_T":0},"geometry":{"type":"LineString","coordinates":[[-74.1307941137693,40.4509511990607],[-74.131252676631,40.4505034746213],[-74.1313423459165,40.450415641409]]}},{"type":"Feature","id":62269,"properties":{"OBJECTID":62269,"PRIMENAME":"Carr Avenue","ELEVTYP_F":0,"ELEVTYP_T":0},"geometry":{"type":"LineString","coordinates":[[-74.1353472371148,40.4540801291827],[-74.1351734839814,40.4535091394746],[-74.1351593155287,40.453464321419]]}},{"type":"Feature","id":62390,"properties":{"OBJECTID":62390,"PRIMENAME":"Laurel Avenue","ELEVTYP_F":0,"ELEVTYP_T":0},"geometry":{"type":"LineString","coordinates":[[-74.1425691239524,40.449030807109],[-74.1425890062469,40.4491712554114],[-74.1426611029959,40.4496909973472],[-74.1426733354303,40.4497967510456]]}},{"type":"Feature","id":63083,"properties":{"OBJECTID":63083,"PRIMENAME":"Twilight Avenue","ELEVTYP_F":0,"ELEVTYP_T":0},"geometry":{"type":"LineString","coordinates":[[-74.1259906976792,40.4481027667467],[-74.12594811275,40.448012945318],[-74.1257876064037,40.4477073845529],[-74.1254236011886,40.4469770398517],[-74.1253988321413,40.4469274920884]]}},{"type":"Feature","id":63188,"properties":{"OBJECTID":63188,"PRIMENAME":"Laurel Avenue","ELEVTYP_F":0,"ELEVTYP_T":0},"geometry":{"type":"LineString","coordinates":[[-74.1420924797031,40.4456278739901],[-74.1420985760062,40.4456709091252],[-74.1421846975797,40.4462886691515]]}},{"type":"Feature","id":63707,"properties":{"OBJECTID":63707,"PRIMENAME":"Laurel Avenue","ELEVTYP_F":0,"ELEVTYP_T":0},"geometry":{"type":"LineString","coordinates":[[-74.1424784115863,40.448390202299],[-74.1425258269488,40.4487251104197]]}},{"type":"Feature","id":63718,"properties":{"OBJECTID":63718,"PRIMENAME":"Washington Avenue","ELEVTYP_F":0,"ELEVTYP_T":0},"geometry":{"type":"LineString","coordinates":[[-74.1344895587199,40.4477776937304],[-74.1339058444127,40.4478811230584],[-74.1335748591639,40.4479420319412],[-74.1334976194106,40.4479721214507]]}},{"type":"Feature","id":63946,"properties":{"OBJECTID":63946,"PRIMENAME":"Atlantic Avenue","ELEVTYP_F":0,"ELEVTYP_T":0},"geometry":{"type":"LineString","coordinates":[[-74.1199704063282,40.4364104800831],[-74.1199764705941,40.4363416245619],[-74.1200621562587,40.4353678156502],[-74.1200716193757,40.435260264518],[-74.1200833586507,40.4351084958832]]}},{"type":"Feature","id":63948,"properties":{"OBJECTID":63948,"PRIMENAME":"6th Street","ELEVTYP_F":0,"ELEVTYP_T":0},"geometry":{"type":"LineString","coordinates":[[-74.1444842621198,40.4439720497331],[-74.1443285818242,40.4439654753489],[-74.1439977596952,40.4439515013799],[-74.1435363265966,40.4439262512988],[-74.143087377263,40.4438914857516],[-74.1426197215376,40.4438471616039],[-74.1419527247838,40.4437688370929],[-74.1418277646874,40.4437541748884]]}},{"type":"Feature","id":64026,"properties":{"OBJECTID":64026,"PRIMENAME":"3rd Street","ELEVTYP_F":0,"ELEVTYP_T":0},"geometry":{"type":"LineString","coordinates":[[-74.1442991258143,40.4457550864715],[-74.1442004186074,40.4457488529166],[-74.1422173292149,40.445623593352],[-74.1420924797031,40.4456278739901]]}},{"type":"Feature","id":64376,"properties":{"OBJECTID":64376,"PRIMENAME":"Garfield Avenue","ELEVTYP_F":0,"ELEVTYP_T":0},"geometry":{"type":"LineString","coordinates":[[-74.1339948696266,40.4485729079205],[-74.1346990990733,40.4484448231407]]}},{"type":"Feature","id":64503,"properties":{"OBJECTID":64503,"PRIMENAME":"Belleview Avenue","ELEVTYP_F":0,"ELEVTYP_T":0},"geometry":{"type":"LineString","coordinates":[[-74.133617399825,40.4526538550666],[-74.1336076815056,40.4526634043354],[-74.1334494464789,40.4528184372219],[-74.1334311822941,40.4528363325949]]}},{"type":"Feature","id":64888,"properties":{"OBJECTID":64888,"PRIMENAME":"Raritan Place","ELEVTYP_F":0,"ELEVTYP_T":0},"geometry":{"type":"LineString","coordinates":[[-74.1254014107671,40.4410907085362],[-74.1254933765072,40.4410801087746],[-74.1259818946768,40.4410237675569],[-74.1260759480841,40.4410124868987],[-74.1261457753046,40.4409965165545],[-74.1262733088715,40.44096681427],[-74.127014260284,40.4407745765845],[-74.1270731961576,40.4407592838445]]}},{"type":"Feature","id":65020,"properties":{"OBJECTID":65020,"PRIMENAME":"Main Street","ELEVTYP_F":0,"ELEVTYP_T":0},"geometry":{"type":"LineString","coordinates":[[-74.1292438830868,40.4485285596234],[-74.1291610658705,40.4486510571239]]}},{"type":"Feature","id":65452,"properties":{"OBJECTID":65452,"PRIMENAME":"West Shore Street","ELEVTYP_F":0,"ELEVTYP_T":0},"geometry":{"type":"LineString","coordinates":[[-74.1343020584484,40.4507281615256],[-74.1349391184735,40.4506057097837],[-74.1351464452171,40.4505684268013]]}},{"type":"Feature","id":65773,"properties":{"OBJECTID":65773,"PRIMENAME":"Seawood Avenue","ELEVTYP_F":0,"ELEVTYP_T":0},"geometry":{"type":"LineString","coordinates":[[-74.128044495172,40.4473375399231],[-74.1279639180572,40.4472950326396],[-74.1278768832148,40.4472375440264],[-74.1277962051284,40.4471610237328],[-74.1277342313745,40.4470941175766],[-74.1276909073172,40.4470272705508]]}},{"type":"Feature","id":66676,"properties":{"OBJECTID":66676,"PRIMENAME":"Lawrence Avenue","ELEVTYP_F":0,"ELEVTYP_T":0},"geometry":{"type":"LineString","coordinates":[[-74.1244324879508,40.4472530604536],[-74.1240473396101,40.447663635707],[-74.1238969538406,40.4478261258319]]}},{"type":"Feature","id":66865,"properties":{"OBJECTID":66865,"PRIMENAME":"Carr Avenue","ELEVTYP_F":0,"ELEVTYP_T":0},"geometry":{"type":"LineString","coordinates":[[-74.1314522030507,40.4411122704115],[-74.1315004775512,40.4416873692477],[-74.1315075628235,40.4417716402321]]}},{"type":"Feature","id":66999,"properties":{"OBJECTID":66999,"PRIMENAME":"Maplewood Avenue","ELEVTYP_F":0,"ELEVTYP_T":0},"geometry":{"type":"LineString","coordinates":[[-74.1390930109584,40.4496322294384],[-74.1402464728516,40.4494324096098]]}},{"type":"Feature","id":67188,"properties":{"OBJECTID":67188,"PRIMENAME":"Van Brunt Place","ELEVTYP_F":0,"ELEVTYP_T":0},"geometry":{"type":"LineString","coordinates":[[-74.1271987615637,40.4410705666432],[-74.1270731961576,40.4407592838445]]}},{"type":"Feature","id":69186,"properties":{"OBJECTID":69186,"PRIMENAME":"Unnamed Segment","ELEVTYP_F":0,"ELEVTYP_T":0},"geometry":{"type":"LineString","coordinates":[[-74.1351582554801,40.4422337976642],[-74.1353084747894,40.4422851991347],[-74.1355934748103,40.4424011994119]]}},{"type":"Feature","id":69451,"properties":{"OBJECTID":69451,"PRIMENAME":"Seeley Avenue","ELEVTYP_F":0,"ELEVTYP_T":0},"geometry":{"type":"LineString","coordinates":[[-74.1381519985855,40.4491191848971],[-74.138019822656,40.4491416652879]]}},{"type":"Feature","id":70014,"properties":{"OBJECTID":70014,"PRIMENAME":"Main Street","ELEVTYP_F":0,"ELEVTYP_T":0},"geometry":{"type":"LineString","coordinates":[[-74.1295237950802,40.4481175479161],[-74.1294623342053,40.4482053602956],[-74.1292438830868,40.4485285596234]]}},{"type":"Feature","id":70147,"properties":{"OBJECTID":70147,"PRIMENAME":"Beacon Boulevard","ELEVTYP_F":0,"ELEVTYP_T":0},"geometry":{"type":"LineString","coordinates":[[-74.1208348345074,40.4455878859269],[-74.1205779550429,40.4467134053799],[-74.1205563268064,40.4468151793513]]}},{"type":"Feature","id":70605,"properties":{"OBJECTID":70605,"PRIMENAME":"Unnamed Segment","ELEVTYP_F":0,"ELEVTYP_T":0},"geometry":{"type":"LineString","coordinates":[[-74.1290498887268,40.4403139111616],[-74.1289887718041,40.4400654630671],[-74.1290264716776,40.4399981991827],[-74.1291734699595,40.4397531990827]]}},{"type":"Feature","id":70800,"properties":{"OBJECTID":70800,"PRIMENAME":"Raritan Avenue","ELEVTYP_F":0,"ELEVTYP_T":0},"geometry":{"type":"LineString","coordinates":[[-74.1329251629289,40.4492553630414],[-74.1330840780533,40.4497610573679]]}},{"type":"Feature","id":71050,"properties":{"OBJECTID":71050,"PRIMENAME":"East Shore Street","ELEVTYP_F":0,"ELEVTYP_T":0},"geometry":{"type":"LineString","coordinates":[[-74.132556891977,40.4510476250422],[-74.1330968842203,40.4509477978966],[-74.1334321594416,40.4508871228907]]}},{"type":"Feature","id":71325,"properties":{"OBJECTID":71325,"PRIMENAME":"Hill Street","ELEVTYP_F":0,"ELEVTYP_T":0},"geometry":{"type":"LineString","coordinates":[[-74.1377764642615,40.4486829848334],[-74.1377137313933,40.4485746568429],[-74.1376456887292,40.4484648297242],[-74.1374907249263,40.4482879964043],[-74.1374416293187,40.4482298918315]]}},{"type":"Feature","id":72352,"properties":{"OBJECTID":72352,"PRIMENAME":"Center Avenue","ELEVTYP_F":0,"ELEVTYP_T":0},"geometry":{"type":"LineString","coordinates":[[-74.1315069148698,40.4513777363785],[-74.1308818712213,40.4510027039262],[-74.1307941137693,40.4509511990607]]}},{"type":"Feature","id":72401,"properties":{"OBJECTID":72401,"PRIMENAME":"Center Avenue","ELEVTYP_F":0,"ELEVTYP_T":0},"geometry":{"type":"LineString","coordinates":[[-74.1329084559401,40.4522068643983],[-74.1324365326276,40.4519274733857],[-74.1322139978219,40.4517938460326]]}},{"type":"Feature","id":72621,"properties":{"OBJECTID":72621,"PRIMENAME":"Krueger Place","ELEVTYP_F":0,"ELEVTYP_T":0},"geometry":{"type":"LineString","coordinates":[[-74.1208168896588,40.4395734509352],[-74.1197629857961,40.4395254086934],[-74.1197180692592,40.4395200174353],[-74.1196797867989,40.4395106401438],[-74.1196576787039,40.4394936029869],[-74.1196457012327,40.4394704216781]]}},{"type":"Feature","id":72824,"properties":{"OBJECTID":72824,"PRIMENAME":"Laurel Avenue","ELEVTYP_F":0,"ELEVTYP_T":0},"geometry":{"type":"LineString","coordinates":[[-74.1410367116912,40.4371591551178],[-74.141035056785,40.4371633658709],[-74.1410185255577,40.4372444477097]]}},{"type":"Feature","id":72927,"properties":{"OBJECTID":72927,"PRIMENAME":"Shore Boulevard","ELEVTYP_F":0,"ELEVTYP_T":0},"geometry":{"type":"LineString","coordinates":[[-74.1216862269826,40.4474540533127],[-74.1216434683824,40.4475752003778]]}},{"type":"Feature","id":73437,"properties":{"OBJECTID":73437,"PRIMENAME":"Rose Terrace","ELEVTYP_F":0,"ELEVTYP_T":0},"geometry":{"type":"LineString","coordinates":[[-74.1366828588263,40.4354311536386],[-74.1368797744021,40.4347693115485]]}},{"type":"Feature","id":74886,"properties":{"OBJECTID":74886,"PRIMENAME":"FR RT 36 SB to LAUREL AVE","ELEVTYP_F":0,"ELEVTYP_T":0},"geometry":{"type":"LineString","coordinates":[[-74.142091751096,40.4372833252783],[-74.142012836495,40.4372528563958],[-74.1419261299422,40.4372083088528],[-74.1418539238069,40.437152687777],[-74.1417674319408,40.4370675120494],[-74.1415656369872,40.4368564702622],[-74.1414791889478,40.4367565257707]]}},{"type":"Feature","id":74931,"properties":{"OBJECTID":74931,"PRIMENAME":"Neptune Place","ELEVTYP_F":0,"ELEVTYP_T":0},"geometry":{"type":"LineString","coordinates":[[-74.1262044160507,40.4499013924164],[-74.126165004832,40.449958116773],[-74.1259700538215,40.4502386712825]]}},{"type":"Feature","id":75124,"properties":{"OBJECTID":75124,"PRIMENAME":"Carr Avenue","ELEVTYP_F":0,"ELEVTYP_T":0},"geometry":{"type":"LineString","coordinates":[[-74.1357362617329,40.4553350359696],[-74.1357030944023,40.4552280907824],[-74.1355393077352,40.4547002592051]]}},{"type":"Feature","id":75476,"properties":{"OBJECTID":75476,"PRIMENAME":"Shore Boulevard","ELEVTYP_F":0,"ELEVTYP_T":0},"geometry":{"type":"LineString","coordinates":[[-74.1233931018635,40.4483673111594],[-74.1225301415044,40.447896970473],[-74.1217673762944,40.4474966505977]]}},{"type":"Feature","id":75977,"properties":{"OBJECTID":75977,"PRIMENAME":"Randall Avenue","ELEVTYP_F":0,"ELEVTYP_T":0},"geometry":{"type":"LineString","coordinates":[[-74.1427754736949,40.4362121978134],[-74.1438344756567,40.4364161978825],[-74.1439374752495,40.4364301976666]]}},{"type":"Feature","id":76052,"properties":{"OBJECTID":76052,"PRIMENAME":"Beachway Avenue","ELEVTYP_F":0,"ELEVTYP_T":0},"geometry":{"type":"LineString","coordinates":[[-74.1329121177197,40.4545530419993],[-74.1325519586335,40.454341609071],[-74.1321410136822,40.4541003599641]]}},{"type":"Feature","id":76642,"properties":{"OBJECTID":76642,"PRIMENAME":"10th Street","ELEVTYP_F":0,"ELEVTYP_T":0},"geometry":{"type":"LineString","coordinates":[[-74.1395208813366,40.4413917752967],[-74.1391981009991,40.4413968629806]]}},{"type":"Feature","id":76790,"properties":{"OBJECTID":76790,"PRIMENAME":"Maplewood Avenue","ELEVTYP_F":0,"ELEVTYP_T":0},"geometry":{"type":"LineString","coordinates":[[-74.1402464728516,40.4494324096098],[-74.1408226607463,40.4493326031139],[-74.1421532777259,40.4491032548612]]}},{"type":"Feature","id":76906,"properties":{"OBJECTID":76906,"PRIMENAME":"Shore Boulevard","ELEVTYP_F":0,"ELEVTYP_T":0},"geometry":{"type":"LineString","coordinates":[[-74.1281932599549,40.4500820128563],[-74.1280203286378,40.4500784646096],[-74.1274355684328,40.4500665889165]]}},{"type":"Feature","id":78060,"properties":{"OBJECTID":78060,"PRIMENAME":"Seaview Avenue","ELEVTYP_F":0,"ELEVTYP_T":0},"geometry":{"type":"LineString","coordinates":[[-74.1322139978219,40.4517938460326],[-74.1313730201077,40.4526214642084],[-74.1311525543442,40.4528384231897],[-74.1307824915798,40.4531994642808],[-74.1307210365031,40.4532593863594]]}},{"type":"Feature","id":78158,"properties":{"OBJECTID":78158,"PRIMENAME":"Main Street","ELEVTYP_F":0,"ELEVTYP_T":0},"geometry":{"type":"LineString","coordinates":[[-74.1300948431875,40.4466294198651],[-74.1300945793754,40.4466775409789],[-74.1300624928006,40.4468347085073],[-74.1300141651088,40.446985125103]]}},{"type":"Feature","id":78872,"properties":{"OBJECTID":78872,"PRIMENAME":"Beachway Avenue","ELEVTYP_F":0,"ELEVTYP_T":0},"geometry":{"type":"LineString","coordinates":[[-74.1389845918594,40.4535685139747],[-74.1388902512123,40.453711186342],[-74.1388654543906,40.4538111930045]]}},{"type":"Feature","id":79475,"properties":{"OBJECTID":79475,"PRIMENAME":"Bayview Avenue","ELEVTYP_F":0,"ELEVTYP_T":0},"geometry":{"type":"LineString","coordinates":[[-74.1315069148698,40.4513777363785],[-74.1316763983934,40.4512103554973]]}},{"type":"Feature","id":79515,"properties":{"OBJECTID":79515,"PRIMENAME":"Oak Street","ELEVTYP_F":0,"ELEVTYP_T":0},"geometry":{"type":"LineString","coordinates":[[-74.1370617960951,40.4508656608429],[-74.1366371114062,40.4509478067495]]}},{"type":"Feature","id":79955,"properties":{"OBJECTID":79955,"PRIMENAME":"Gillette Street","ELEVTYP_F":0,"ELEVTYP_T":0},"geometry":{"type":"LineString","coordinates":[[-74.1350407905128,40.4502310992718],[-74.1351329518084,40.4505253400739],[-74.1351464452171,40.4505684268013]]}},{"type":"Feature","id":79967,"properties":{"OBJECTID":79967,"PRIMENAME":"Center Avenue","ELEVTYP_F":0,"ELEVTYP_T":0},"geometry":{"type":"LineString","coordinates":[[-74.1342968034943,40.4529439443992],[-74.1342363242979,40.4529371369777],[-74.1341437578402,40.4529166400734],[-74.1340403234697,40.4528724723855],[-74.1339259671703,40.4528080939587],[-74.1338665414063,40.4527859995735],[-74.1337880900545,40.4527735348353]]}},{"type":"Feature","id":80407,"properties":{"OBJECTID":80407,"PRIMENAME":"Park Avenue","ELEVTYP_F":0,"ELEVTYP_T":0},"geometry":{"type":"LineString","coordinates":[[-74.1275469814104,40.4445109877141],[-74.1271233943546,40.4445688355479]]}},{"type":"Feature","id":80714,"properties":{"OBJECTID":80714,"PRIMENAME":"Holly Avenue","ELEVTYP_F":0,"ELEVTYP_T":0},"geometry":{"type":"LineString","coordinates":[[-74.1420237617422,40.4374284707111],[-74.1420229930134,40.4375734117732],[-74.1420223359444,40.4376972989394],[-74.1420521811364,40.437949999871],[-74.1421395679491,40.4385576081562]]}},{"type":"Feature","id":82159,"properties":{"OBJECTID":82159,"PRIMENAME":"Laurel Avenue","ELEVTYP_F":0,"ELEVTYP_T":0},"geometry":{"type":"LineString","coordinates":[[-74.1414982502782,40.4413588337572],[-74.1415398108156,40.441651513402],[-74.1416270402194,40.4422956312728]]}},{"type":"Feature","id":82207,"properties":{"OBJECTID":82207,"PRIMENAME":"Camp View Avenue","ELEVTYP_F":0,"ELEVTYP_T":0},"geometry":{"type":"LineString","coordinates":[[-74.1300981436631,40.4505432147682],[-74.1300356058108,40.4506044227592],[-74.129326836342,40.4512979652795],[-74.1292684885829,40.4513550415515]]}},{"type":"Feature","id":82519,"properties":{"OBJECTID":82519,"PRIMENAME":"Creek Road","ELEVTYP_F":0,"ELEVTYP_T":0},"geometry":{"type":"LineString","coordinates":[[-74.13527100822,40.4424825179339],[-74.1352638987264,40.4424618240566],[-74.1352147138209,40.4423282546337],[-74.1351582554801,40.4422337976642]]}},{"type":"Feature","id":82758,"properties":{"OBJECTID":82758,"PRIMENAME":"Bay Avenue","ELEVTYP_F":0,"ELEVTYP_T":0},"geometry":{"type":"LineString","coordinates":[[-74.1366691966385,40.4544915342748],[-74.1356595269469,40.4546780457148],[-74.1355393077352,40.4547002592051]]}},{"type":"Feature","id":82920,"properties":{"OBJECTID":82920,"PRIMENAME":"Oak Street","ELEVTYP_F":0,"ELEVTYP_T":0},"geometry":{"type":"LineString","coordinates":[[-74.1327424329949,40.4516594218608],[-74.1322628069962,40.4517458244557],[-74.1322139978219,40.4517938460326]]}},{"type":"Feature","id":83627,"properties":{"OBJECTID":83627,"PRIMENAME":"Center Avenue","ELEVTYP_F":0,"ELEVTYP_T":0},"geometry":{"type":"LineString","coordinates":[[-74.1337880900545,40.4527735348353],[-74.1337979749476,40.4528195202278],[-74.133815481068,40.4528515563858],[-74.1338791713672,40.4528955704855],[-74.1340089344364,40.4529684808326],[-74.1340969622426,40.4530041166877],[-74.134154204478,40.4530245297602],[-74.1342225344385,40.4530348484302],[-74.1342738995753,40.4530389359227]]}},{"type":"Feature","id":83725,"properties":{"OBJECTID":83725,"PRIMENAME":"Laurel Avenue","ELEVTYP_F":0,"ELEVTYP_T":0},"geometry":{"type":"LineString","coordinates":[[-74.141897651756,40.4442547777738],[-74.1419938007194,40.4449322769389]]}},{"type":"Feature","id":83891,"properties":{"OBJECTID":83891,"PRIMENAME":"Compass Road","ELEVTYP_F":0,"ELEVTYP_T":0},"geometry":{"type":"LineString","coordinates":[[-74.1445364755244,40.436407197734],[-74.1445554765311,40.4363101978653],[-74.1446004766412,40.43617119645]]}},{"type":"Feature","id":84138,"properties":{"OBJECTID":84138,"PRIMENAME":"Birchwood Avenue","ELEVTYP_F":0,"ELEVTYP_T":0},"geometry":{"type":"LineString","coordinates":[[-74.1231739544599,40.4454255822267],[-74.1232973739293,40.4456714712231],[-74.1233586718496,40.4457935956473]]}},{"type":"Feature","id":84238,"properties":{"OBJECTID":84238,"PRIMENAME":"Main Street","ELEVTYP_F":0,"ELEVTYP_T":0},"geometry":{"type":"LineString","coordinates":[[-74.1305199646218,40.4388778980716],[-74.1305166758541,40.4388929858667],[-74.1305163155782,40.4388946319833],[-74.1304833478112,40.4390495733527]]}},{"type":"Feature","id":84356,"properties":{"OBJECTID":84356,"PRIMENAME":"Laurel Avenue","ELEVTYP_F":0,"ELEVTYP_T":0},"geometry":{"type":"LineString","coordinates":[[-74.1418277646874,40.4437541748884],[-74.1418520488273,40.4439289054566],[-74.1418821002339,40.4441451156516],[-74.141897651756,40.4442547777738]]}},{"type":"Feature","id":84754,"properties":{"OBJECTID":84754,"PRIMENAME":"2nd Street","ELEVTYP_F":0,"ELEVTYP_T":0},"geometry":{"type":"LineString","coordinates":[[-74.1421846975797,40.4462886691515],[-74.1422948626742,40.4462958180038],[-74.1441469546639,40.4464159249178],[-74.1442264091527,40.446421110369]]}},{"type":"Feature","id":85024,"properties":{"OBJECTID":85024,"PRIMENAME":"Oakwood Place","ELEVTYP_F":0,"ELEVTYP_T":0},"geometry":{"type":"LineString","coordinates":[[-74.139085378231,40.4503738621998],[-74.1387846991943,40.4501221541973],[-74.1385064783664,40.4498911861566]]}},{"type":"Feature","id":85256,"properties":{"OBJECTID":85256,"PRIMENAME":"Seabreeze Way","ELEVTYP_F":0,"ELEVTYP_T":0},"geometry":{"type":"LineString","coordinates":[[-74.1353472371148,40.4540801291827],[-74.1345701773666,40.4542218501014],[-74.1344728731993,40.4542396056222]]}},{"type":"Feature","id":85791,"properties":{"OBJECTID":85791,"PRIMENAME":"Myrtle Avenue","ELEVTYP_F":0,"ELEVTYP_T":0},"geometry":{"type":"LineString","coordinates":[[-74.1346990990733,40.4484448231407],[-74.1345356728508,40.4479212462019],[-74.1344895587199,40.4477776937304]]}},{"type":"Feature","id":86027,"properties":{"OBJECTID":86027,"PRIMENAME":"Ramsey Avenue","ELEVTYP_F":0,"ELEVTYP_T":0},"geometry":{"type":"LineString","coordinates":[[-74.135959464785,40.4489223090404],[-74.1361673700348,40.4495897052241],[-74.1361930490372,40.4496721952325]]}},{"type":"Feature","id":86988,"properties":{"OBJECTID":86988,"PRIMENAME":"Lawrence Avenue","ELEVTYP_F":0,"ELEVTYP_T":0},"geometry":{"type":"LineString","coordinates":[[-74.126360912964,40.4460851548196],[-74.1260395832326,40.4461354773561],[-74.1258642161178,40.4461582715662]]}},{"type":"Feature","id":88265,"properties":{"OBJECTID":88265,"PRIMENAME":"Creek Road","ELEVTYP_F":0,"ELEVTYP_T":0},"geometry":{"type":"LineString","coordinates":[[-74.1425258269488,40.4487251104197],[-74.1424105341911,40.4487084207845],[-74.1419056277266,40.4486353742717],[-74.1414879885194,40.4485721213671],[-74.1414348955547,40.4485622937612]]}},{"type":"Feature","id":88736,"properties":{"OBJECTID":88736,"PRIMENAME":"Oak Street","ELEVTYP_F":0,"ELEVTYP_T":0},"geometry":{"type":"LineString","coordinates":[[-74.1366371114062,40.4509478067495],[-74.1362407359432,40.4510244679379],[-74.1347919823564,40.451286783044],[-74.1345734039364,40.4513242225517],[-74.1344957279447,40.4513480239821]]}},{"type":"Feature","id":89086,"properties":{"OBJECTID":89086,"PRIMENAME":"Unnamed Segment","ELEVTYP_F":0,"ELEVTYP_T":0},"geometry":{"type":"LineString","coordinates":[[-74.1329121177197,40.4545530419993],[-74.133233873924,40.4542566083716],[-74.1332530861474,40.4542081961805],[-74.1329224730653,40.4540142016827],[-74.132777032089,40.453935640168]]}},{"type":"Feature","id":89248,"properties":{"OBJECTID":89248,"PRIMENAME":"Beechwood Avenue","ELEVTYP_F":0,"ELEVTYP_T":0},"geometry":{"type":"LineString","coordinates":[[-74.1286105908924,40.4443646893506],[-74.1286222789136,40.4444281128829],[-74.1287676126701,40.4452196764001],[-74.1288049191662,40.4454203564813]]}},{"type":"Feature","id":89331,"properties":{"OBJECTID":89331,"PRIMENAME":"Euclid Avenue","ELEVTYP_F":0,"ELEVTYP_T":0},"geometry":{"type":"LineString","coordinates":[[-74.1312729464874,40.4353849035822],[-74.1312611435148,40.4354390042591],[-74.1312538248583,40.4354724909979]]}},{"type":"Feature","id":90004,"properties":{"OBJECTID":90004,"PRIMENAME":"Unnamed Segment","ELEVTYP_F":0,"ELEVTYP_T":0},"geometry":{"type":"LineString","coordinates":[[-74.1291734699595,40.4397531990827],[-74.1285734701076,40.4398471990351]]}},{"type":"Feature","id":90522,"properties":{"OBJECTID":90522,"PRIMENAME":"Ramsey Avenue","ELEVTYP_F":0,"ELEVTYP_T":0},"geometry":{"type":"LineString","coordinates":[[-74.1357511762321,40.4482535116127],[-74.135959464785,40.4489223090404]]}},{"type":"Feature","id":91821,"properties":{"OBJECTID":91821,"PRIMENAME":"Terrace Place","ELEVTYP_F":0,"ELEVTYP_T":0},"geometry":{"type":"LineString","coordinates":[[-74.1369440899275,40.4447191789267],[-74.1368485085988,40.4447401544793],[-74.1366986054368,40.4447730917433],[-74.1359431283764,40.444904129256],[-74.1358210919948,40.4449266390889]]}},{"type":"Feature","id":91844,"properties":{"OBJECTID":91844,"PRIMENAME":"Locust Street","ELEVTYP_F":0,"ELEVTYP_T":0},"geometry":{"type":"LineString","coordinates":[[-74.129889683113,40.4473739883902],[-74.1299722784147,40.4473634370438],[-74.13034490781,40.447315725479],[-74.1303718040984,40.4473122827839],[-74.1309398837332,40.4472426141926],[-74.1312770058622,40.4471960336406],[-74.1314330797933,40.4471726761652],[-74.131557208035,40.4471389926317]]}},{"type":"Feature","id":95762,"properties":{"OBJECTID":95762,"PRIMENAME":"Willis Avenue","ELEVTYP_F":0,"ELEVTYP_T":0},"geometry":{"type":"LineString","coordinates":[[-74.1271233943546,40.4445688355479],[-74.1271121121642,40.44452331245],[-74.1269709285265,40.4439531279396]]}},{"type":"Feature","id":98402,"properties":{"OBJECTID":98402,"PRIMENAME":"East Shore Street","ELEVTYP_F":0,"ELEVTYP_T":0},"geometry":{"type":"LineString","coordinates":[[-74.1334321594416,40.4508871228907],[-74.1341584947062,40.4507557630137],[-74.1343020584484,40.4507281615256]]}},{"type":"Feature","id":98477,"properties":{"OBJECTID":98477,"PRIMENAME":"Walters Street","ELEVTYP_F":0,"ELEVTYP_T":0},"geometry":{"type":"LineString","coordinates":[[-74.1364944143264,40.4516349348787],[-74.1365116656263,40.4516877511269],[-74.1367080469159,40.452288868875],[-74.1367320166245,40.4523622127942]]}},{"type":"Feature","id":98893,"properties":{"OBJECTID":98893,"PRIMENAME":"Holmes Place","ELEVTYP_F":0,"ELEVTYP_T":0},"geometry":{"type":"LineString","coordinates":[[-74.1198422412387,40.4389185634026],[-74.1197714591078,40.4389014085281],[-74.1197134418401,40.438881068613]]}},{"type":"Feature","id":99000,"properties":{"OBJECTID":99000,"PRIMENAME":"Ramsey Avenue","ELEVTYP_F":0,"ELEVTYP_T":0},"geometry":{"type":"LineString","coordinates":[[-74.1351087303425,40.446187079593],[-74.1353212181682,40.4468609424239],[-74.1353384458373,40.4469179584862]]}},{"type":"Feature","id":100169,"properties":{"OBJECTID":100169,"PRIMENAME":"Holly Avenue","ELEVTYP_F":0,"ELEVTYP_T":0},"geometry":{"type":"LineString","coordinates":[[-74.1425327140796,40.441341090924],[-74.1425691964965,40.4416165703219],[-74.1426592979794,40.442269782849],[-74.1426678800295,40.4423320416813]]}},{"type":"Feature","id":101656,"properties":{"OBJECTID":101656,"PRIMENAME":"Port Monmouth Road","ELEVTYP_F":0,"ELEVTYP_T":0},"geometry":{"type":"LineString","coordinates":[[-74.1273149228825,40.4413585338741],[-74.1272823990287,40.4413664447004],[-74.1271826661579,40.4413911311351]]}},{"type":"Feature","id":102604,"properties":{"OBJECTID":102604,"PRIMENAME":"Cedar Avenue","ELEVTYP_F":0,"ELEVTYP_T":0},"geometry":{"type":"LineString","coordinates":[[-74.1178810641907,40.4381534358855],[-74.1168057186106,40.4381654413699],[-74.1167018800529,40.438166661548]]}},{"type":"Feature","id":103435,"properties":{"OBJECTID":103435,"PRIMENAME":"Harding Avenue","ELEVTYP_F":0,"ELEVTYP_T":0},"geometry":{"type":"LineString","coordinates":[[-74.1286109070223,40.4436282766574],[-74.1285957761788,40.4435701405072],[-74.1283758602391,40.4427258773654],[-74.1283616503606,40.4426703244644]]}},{"type":"Feature","id":104336,"properties":{"OBJECTID":104336,"PRIMENAME":"Forest Avenue","ELEVTYP_F":0,"ELEVTYP_T":0},"geometry":{"type":"LineString","coordinates":[[-74.1254014107671,40.4410907085362],[-74.1254707185188,40.4414217816297]]}},{"type":"Feature","id":104797,"properties":{"OBJECTID":104797,"PRIMENAME":"Seeley Avenue","ELEVTYP_F":0,"ELEVTYP_T":0},"geometry":{"type":"LineString","coordinates":[[-74.1350384774789,40.4495361028226],[-74.1349449722486,40.4495238939535],[-74.1349062723401,40.4495237717367],[-74.1348139605571,40.4495234801577],[-74.1347868549349,40.4495256172992]]}},{"type":"Feature","id":105137,"properties":{"OBJECTID":105137,"PRIMENAME":"10th Street","ELEVTYP_F":0,"ELEVTYP_T":0},"geometry":{"type":"LineString","coordinates":[[-74.1414982502782,40.4413588337572],[-74.1404678095659,40.4413764960852]]}},{"type":"Feature","id":105323,"properties":{"OBJECTID":105323,"PRIMENAME":"Main Street","ELEVTYP_F":0,"ELEVTYP_T":0},"geometry":{"type":"LineString","coordinates":[[-74.1298456346244,40.4452705148295],[-74.1299436974155,40.4457476884652],[-74.1299491087484,40.4457766396693]]}},{"type":"Feature","id":105791,"properties":{"OBJECTID":105791,"PRIMENAME":"Anchor Road","ELEVTYP_F":0,"ELEVTYP_T":0},"geometry":{"type":"LineString","coordinates":[[-74.1452124751448,40.4369691980512],[-74.1452354755752,40.4368661985862],[-74.1453144755608,40.4366091977119],[-74.1453164757564,40.4365721974832],[-74.1452884766987,40.4365311982413],[-74.1447944765377,40.4364441973211]]}},{"type":"Feature","id":108268,"properties":{"OBJECTID":108268,"PRIMENAME":"Commodore Avenue","ELEVTYP_F":0,"ELEVTYP_T":0},"geometry":{"type":"LineString","coordinates":[[-74.1300141651088,40.446985125103],[-74.1301054282462,40.4469730640134],[-74.1303469603881,40.4469410732097],[-74.1313352397045,40.4468101692589]]}},{"type":"Feature","id":109223,"properties":{"OBJECTID":109223,"PRIMENAME":"Seeley Avenue","ELEVTYP_F":0,"ELEVTYP_T":0},"geometry":{"type":"LineString","coordinates":[[-74.1400529490636,40.4487964427784],[-74.1393900618237,40.4489087397619],[-74.1386282882384,40.4490382394522],[-74.1381787571935,40.4491146564895],[-74.1381519985855,40.4491191848971]]}},{"type":"Feature","id":109925,"properties":{"OBJECTID":109925,"PRIMENAME":"Lawrence Avenue","ELEVTYP_F":0,"ELEVTYP_T":0},"geometry":{"type":"LineString","coordinates":[[-74.1251635026299,40.4464568974048],[-74.1249562533181,40.4466883266705]]}},{"type":"Feature","id":110545,"properties":{"OBJECTID":110545,"PRIMENAME":"13th Street","ELEVTYP_F":0,"ELEVTYP_T":0},"geometry":{"type":"LineString","coordinates":[[-74.1390657629842,40.4382211051957],[-74.1392882447846,40.4381034556326],[-74.1399262869234,40.4377527472345],[-74.1399626752524,40.437733507634]]}},{"type":"Feature","id":110676,"properties":{"OBJECTID":110676,"PRIMENAME":"Myrtle Avenue","ELEVTYP_F":0,"ELEVTYP_T":0},"geometry":{"type":"LineString","coordinates":[[-74.1349071975287,40.4491138136654],[-74.1347441689786,40.4485891404573],[-74.1346990990733,40.4484448231407]]}},{"type":"Feature","id":111168,"properties":{"OBJECTID":111168,"PRIMENAME":"Main Street","ELEVTYP_F":0,"ELEVTYP_T":0},"geometry":{"type":"LineString","coordinates":[[-74.1291610658705,40.4486510571239],[-74.1288071176729,40.4491746557046]]}},{"type":"Feature","id":111547,"properties":{"OBJECTID":111547,"PRIMENAME":"Carr Avenue","ELEVTYP_F":0,"ELEVTYP_T":0},"geometry":{"type":"LineString","coordinates":[[-74.1326719274343,40.445502051338],[-74.1323327289885,40.4444147994478],[-74.1321655732787,40.4438817916979]]}},{"type":"Feature","id":111559,"properties":{"OBJECTID":111559,"PRIMENAME":"Walling Place","ELEVTYP_F":0,"ELEVTYP_T":0},"geometry":{"type":"LineString","coordinates":[[-74.1206724277169,40.4414963944017],[-74.1221671789975,40.4415642637662]]}},{"type":"Feature","id":111737,"properties":{"OBJECTID":111737,"PRIMENAME":"Belleview Avenue","ELEVTYP_F":0,"ELEVTYP_T":0},"geometry":{"type":"LineString","coordinates":[[-74.1338899484557,40.4523337956424],[-74.1339001933842,40.4523657961843],[-74.1336931963223,40.4525796189358],[-74.1336430897462,40.4526286808363],[-74.1336368006465,40.4526348374701],[-74.133617399825,40.4526538550666]]}},{"type":"Feature","id":111773,"properties":{"OBJECTID":111773,"PRIMENAME":"Murray Lane","ELEVTYP_F":0,"ELEVTYP_T":0},"geometry":{"type":"LineString","coordinates":[[-74.1387128341322,40.4482360134096],[-74.139038958265,40.4480688363569],[-74.1394832571085,40.4478224187398],[-74.1395569219236,40.4477815262455]]}},{"type":"Feature","id":111987,"properties":{"OBJECTID":111987,"PRIMENAME":"Depot Street","ELEVTYP_F":0,"ELEVTYP_T":0},"geometry":{"type":"LineString","coordinates":[[-74.1314522030507,40.4411122704115],[-74.1315161200016,40.4411059958677],[-74.1321776770177,40.4410413680329]]}},{"type":"Feature","id":112056,"properties":{"OBJECTID":112056,"PRIMENAME":"Pine View Avenue","ELEVTYP_F":0,"ELEVTYP_T":0},"geometry":{"type":"LineString","coordinates":[[-74.1296275820326,40.452107978324],[-74.1298288719974,40.4518953253087],[-74.1303224623593,40.4514121803861],[-74.1304937471652,40.4512445197008],[-74.1307941137693,40.4509511990607]]}},{"type":"Feature","id":112127,"properties":{"OBJECTID":112127,"PRIMENAME":"Port Monmouth Road","ELEVTYP_F":0,"ELEVTYP_T":0},"geometry":{"type":"LineString","coordinates":[[-74.1301132547679,40.4407994120346],[-74.1299676081304,40.4408174477533],[-74.1297054698788,40.4408499626424],[-74.1291560840795,40.4409339874128],[-74.1287627241106,40.441013788663],[-74.1280943779936,40.4411688829504],[-74.1280844476375,40.4411712944354]]}},{"type":"Feature","id":112287,"properties":{"OBJECTID":112287,"PRIMENAME":"Circuit Street","ELEVTYP_F":0,"ELEVTYP_T":0},"geometry":{"type":"LineString","coordinates":[[-74.1339948696266,40.4485729079205],[-74.1342001414472,40.4488209500705],[-74.1347393956078,40.4494708392125],[-74.1347868549349,40.4495256172992]]}},{"type":"Feature","id":113149,"properties":{"OBJECTID":113149,"PRIMENAME":"12th Street","ELEVTYP_F":0,"ELEVTYP_T":0},"geometry":{"type":"LineString","coordinates":[[-74.1400905181445,40.4387149131063],[-74.1410068240974,40.438647321355],[-74.1411171694,40.4386386053293]]}},{"type":"Feature","id":113784,"properties":{"OBJECTID":113784,"PRIMENAME":"Brown Avenue North","ELEVTYP_F":0,"ELEVTYP_T":0},"geometry":{"type":"LineString","coordinates":[[-74.1484501806931,40.4395735433938],[-74.148351556143,40.4395669056488],[-74.1475119885988,40.4395104032786]]}},{"type":"Feature","id":114053,"properties":{"OBJECTID":114053,"PRIMENAME":"Main Street","ELEVTYP_F":0,"ELEVTYP_T":0},"geometry":{"type":"LineString","coordinates":[[-74.127799033399,40.450660739017],[-74.1276321181604,40.4509017189225],[-74.1275817059617,40.4509921191482],[-74.1275689379777,40.4510397334034]]}},{"type":"Feature","id":114399,"properties":{"OBJECTID":114399,"PRIMENAME":"Frazee Avenue","ELEVTYP_F":0,"ELEVTYP_T":0},"geometry":{"type":"LineString","coordinates":[[-74.1280844476375,40.4411712944354],[-74.1280666459543,40.4411092246186],[-74.1279069206342,40.4405522404568]]}},{"type":"Feature","id":114751,"properties":{"OBJECTID":114751,"PRIMENAME":"Moran Place","ELEVTYP_F":0,"ELEVTYP_T":0},"geometry":{"type":"LineString","coordinates":[[-74.1318513513201,40.4377446919081],[-74.1322334398852,40.4376720637409],[-74.1326267183971,40.4376161046682],[-74.1327952530761,40.4375832867464],[-74.1328029793099,40.4375828996949]]}},{"type":"Feature","id":114916,"properties":{"OBJECTID":114916,"PRIMENAME":"Maple Avenue","ELEVTYP_F":0,"ELEVTYP_T":0},"geometry":{"type":"LineString","coordinates":[[-74.1342816712238,40.4471110905664],[-74.134390472554,40.4470915324329],[-74.1353384458373,40.4469179584862]]}},{"type":"Feature","id":115026,"properties":{"OBJECTID":115026,"PRIMENAME":"Main Street","ELEVTYP_F":0,"ELEVTYP_T":0},"geometry":{"type":"LineString","coordinates":[[-74.1301335936623,40.4407006239447],[-74.1301132547679,40.4407994120346]]}},{"type":"Feature","id":115851,"properties":{"OBJECTID":115851,"PRIMENAME":"Main Street","ELEVTYP_F":0,"ELEVTYP_T":0},"geometry":{"type":"LineString","coordinates":[[-74.1295687053957,40.4438774246807],[-74.1296219113855,40.4441405805004],[-74.1296379924524,40.4442220811998]]}},{"type":"Feature","id":115916,"properties":{"OBJECTID":115916,"PRIMENAME":"Unnamed Segment","ELEVTYP_F":0,"ELEVTYP_T":0},"geometry":{"type":"LineString","coordinates":[[-74.1423675462989,40.4348884486203],[-74.1429744750671,40.4349991965228],[-74.1432104769918,40.4350361974538],[-74.143391475996,40.4350531979758],[-74.143742477151,40.435060197337],[-74.1438934760985,40.4350741982592],[-74.1442204757038,40.4351221967986],[-74.1443154750629,40.4351401965841],[-74.1445504745687,40.4352231972589],[-74.1447854744795,40.4353301967954],[-74.1448184750002,40.4353561969728],[-74.1448634767462,40.4354211974694],[-74.1448754760331,40.4354701975898],[-74.144869474463,40.4355451979123],[-74.1448294758282,40.43569619692],[-74.1447534751804,40.4359181979679]]}},{"type":"Feature","id":116415,"properties":{"OBJECTID":116415,"PRIMENAME":"Euclid Avenue","ELEVTYP_F":0,"ELEVTYP_T":0},"geometry":{"type":"LineString","coordinates":[[-74.1298493115991,40.4363410722777],[-74.1299181622934,40.4360158810047]]}},{"type":"Feature","id":116582,"properties":{"OBJECTID":116582,"PRIMENAME":"Maple Avenue","ELEVTYP_F":0,"ELEVTYP_T":0},"geometry":{"type":"LineString","coordinates":[[-74.1321965109021,40.447625723523],[-74.1323854491093,40.447552233574],[-74.1325229433519,40.4475097634621],[-74.1327916950736,40.4474152786954],[-74.1329945613286,40.4473509725566]]}},{"type":"Feature","id":117773,"properties":{"OBJECTID":117773,"PRIMENAME":"Ramsey Avenue","ELEVTYP_F":0,"ELEVTYP_T":0},"geometry":{"type":"LineString","coordinates":[[-74.1355433866896,40.4475862797177],[-74.1357511762321,40.4482535116127]]}},{"type":"Feature","id":118118,"properties":{"OBJECTID":118118,"PRIMENAME":"Main Street","ELEVTYP_F":0,"ELEVTYP_T":0},"geometry":{"type":"LineString","coordinates":[[-74.1288071176729,40.4491746557046],[-74.1285944200655,40.4494893620991],[-74.1281932599549,40.4500820128563]]}},{"type":"Feature","id":118408,"properties":{"OBJECTID":118408,"PRIMENAME":"Francis Place","ELEVTYP_F":0,"ELEVTYP_T":0},"geometry":{"type":"LineString","coordinates":[[-74.1295687053957,40.4438774246807],[-74.1296669275386,40.4438928926047],[-74.1303630576384,40.4440026350761],[-74.1309321061767,40.4440923383143],[-74.1309485002061,40.4440906064879]]}},{"type":"Feature","id":119195,"properties":{"OBJECTID":119195,"PRIMENAME":"13th Street","ELEVTYP_F":0,"ELEVTYP_T":0},"geometry":{"type":"LineString","coordinates":[[-74.1363909278538,40.4395048660517],[-74.1365069281978,40.4394843747508],[-74.1365488042121,40.439476977972],[-74.1366549289318,40.4394582324346],[-74.1367485885353,40.4394394476333],[-74.1367751493993,40.4394308840561]]}},{"type":"Feature","id":119291,"properties":{"OBJECTID":119291,"PRIMENAME":"Poplar Avenue","ELEVTYP_F":0,"ELEVTYP_T":0},"geometry":{"type":"LineString","coordinates":[[-74.1394913379635,40.4413733731931],[-74.1394831174637,40.4413115268376],[-74.1393790187061,40.4405269667159]]}},{"type":"Feature","id":119959,"properties":{"OBJECTID":119959,"PRIMENAME":"11th Street","ELEVTYP_F":0,"ELEVTYP_T":0},"geometry":{"type":"LineString","coordinates":[[-74.1413233990227,40.4401185804896],[-74.14144192756,40.4401118106097],[-74.142265634876,40.4400428787435],[-74.1423564354387,40.4400345126502]]}},{"type":"Feature","id":120255,"properties":{"OBJECTID":120255,"PRIMENAME":"13th Street","ELEVTYP_F":0,"ELEVTYP_T":0},"geometry":{"type":"LineString","coordinates":[[-74.1401353265739,40.437642274583],[-74.1404641973162,40.4374685135134],[-74.1405579127335,40.4374449496997],[-74.1406078151249,40.4374451048423],[-74.1407013428325,40.4374501446241]]}},{"type":"Feature","id":120730,"properties":{"OBJECTID":120730,"PRIMENAME":"Shore Boulevard","ELEVTYP_F":0,"ELEVTYP_T":0},"geometry":{"type":"LineString","coordinates":[[-74.1217673762944,40.4474966505977],[-74.1216862269826,40.4474540533127]]}},{"type":"Feature","id":120754,"properties":{"OBJECTID":120754,"PRIMENAME":"12th Street","ELEVTYP_F":0,"ELEVTYP_T":0},"geometry":{"type":"LineString","coordinates":[[-74.1411171694,40.4386386053293],[-74.1420489205881,40.4385647947211],[-74.1421395679491,40.4385576081562]]}},{"type":"Feature","id":121758,"properties":{"OBJECTID":121758,"PRIMENAME":"Unnamed Segment","ELEVTYP_F":0,"ELEVTYP_T":0},"geometry":{"type":"LineString","coordinates":[[-74.1355934748103,40.4424011994119],[-74.1362104733259,40.4426521997196],[-74.1362444735505,40.4426802003714],[-74.1362624750462,40.4427151999707],[-74.1363534756937,40.4429841997443],[-74.136384473937,40.4431222002493],[-74.1363704740226,40.4431472002567],[-74.1362894733345,40.4431851991452],[-74.1361164729976,40.4432581990312],[-74.1359034741164,40.4433412003631]]}},{"type":"Feature","id":123207,"properties":{"OBJECTID":123207,"PRIMENAME":"11th Street","ELEVTYP_F":0,"ELEVTYP_T":0},"geometry":{"type":"LineString","coordinates":[[-74.1467971054954,40.4397593906192],[-74.1463234765852,40.439780197399]]}},{"type":"Feature","id":125398,"properties":{"OBJECTID":125398,"PRIMENAME":"Beacon Boulevard","ELEVTYP_F":0,"ELEVTYP_T":0},"geometry":{"type":"LineString","coordinates":[[-74.1205563268064,40.4468151793513],[-74.1205010371319,40.4470753477611],[-74.1204539994055,40.4472684223406],[-74.1204499833336,40.4472849088278],[-74.1204049054758,40.4475373418013]]}},{"type":"Feature","id":126101,"properties":{"OBJECTID":126101,"PRIMENAME":"Port Monmouth Road","ELEVTYP_F":0,"ELEVTYP_T":0},"geometry":{"type":"LineString","coordinates":[[-74.1243330109765,40.4418830319954],[-74.1242011437731,40.4419000640794]]}},{"type":"Feature","id":126212,"properties":{"OBJECTID":126212,"PRIMENAME":"Waackaack Avenue","ELEVTYP_F":0,"ELEVTYP_T":0},"geometry":{"type":"LineString","coordinates":[[-74.1361599426724,40.4459961460689],[-74.1361372236991,40.4459246458933],[-74.1358427628858,40.444999124937],[-74.1358210919948,40.4449266390889]]}},{"type":"Feature","id":126417,"properties":{"OBJECTID":126417,"PRIMENAME":"7th Street","ELEVTYP_F":0,"ELEVTYP_T":0},"geometry":{"type":"LineString","coordinates":[[-74.1417425584243,40.4431410563568],[-74.1416254632595,40.4431339674556],[-74.1414197476764,40.4431095022716],[-74.1412515226845,40.4430755991002],[-74.1409773348704,40.4430223433748],[-74.1406969207688,40.4429642627433],[-74.1404291385678,40.4428824213581],[-74.1401676478565,40.4427862959004],[-74.1399560388224,40.4426950742795],[-74.1398067637391,40.4426183216181]]}},{"type":"Feature","id":128507,"properties":{"OBJECTID":128507,"PRIMENAME":"FR RT 36 NB to LAUREL AVE","ELEVTYP_F":0,"ELEVTYP_T":0},"geometry":{"type":"LineString","coordinates":[[-74.138916965325,40.4368347498896],[-74.1389452219446,40.4368449676285]]}},{"type":"Feature","id":130039,"properties":{"OBJECTID":130039,"PRIMENAME":"Wood Street","ELEVTYP_F":0,"ELEVTYP_T":0},"geometry":{"type":"LineString","coordinates":[[-74.1312204584098,40.4398040160763],[-74.131018204378,40.4397604093622],[-74.1307691638617,40.4396786045],[-74.1304952855014,40.4395728645039],[-74.1303875479285,40.4395312744589],[-74.1303814172433,40.439528907794]]}},{"type":"Feature","id":130156,"properties":{"OBJECTID":130156,"PRIMENAME":"Unnamed Segment","ELEVTYP_F":0,"ELEVTYP_T":0},"geometry":{"type":"LineString","coordinates":[[-74.1457864761275,40.439921198268],[-74.1456714767471,40.4398921983421],[-74.1455814783498,40.439875197606],[-74.1454294772784,40.4398671976701],[-74.1452804779917,40.439860198348]]}},{"type":"Feature","id":130753,"properties":{"OBJECTID":130753,"PRIMENAME":"Forest Avenue","ELEVTYP_F":0,"ELEVTYP_T":0},"geometry":{"type":"LineString","coordinates":[[-74.1262490092116,40.4446860300102],[-74.1262561090896,40.4447731293145],[-74.1262740632517,40.444911405515],[-74.1262835602365,40.445058658044]]}},{"type":"Feature","id":131043,"properties":{"OBJECTID":131043,"PRIMENAME":"9th Street","ELEVTYP_F":0,"ELEVTYP_T":0},"geometry":{"type":"LineString","coordinates":[[-74.138715543536,40.4408915658174],[-74.1383637411512,40.4406741478044],[-74.1380279599932,40.4404776971101],[-74.1379929274149,40.4404580687775]]}},{"type":"Feature","id":132052,"properties":{"OBJECTID":132052,"PRIMENAME":"Crescent Street","ELEVTYP_F":0,"ELEVTYP_T":0},"geometry":{"type":"LineString","coordinates":[[-74.122228142663,40.4435362215067],[-74.122492188215,40.4435312920521],[-74.1225795095392,40.4435293534938]]}},{"type":"Feature","id":132730,"properties":{"OBJECTID":132730,"PRIMENAME":"North Park Avenue","ELEVTYP_F":0,"ELEVTYP_T":0},"geometry":{"type":"LineString","coordinates":[[-74.1462059464347,40.4465504702468],[-74.1461888741152,40.4472228700835]]}},{"type":"Feature","id":132845,"properties":{"OBJECTID":132845,"PRIMENAME":"Carlo Drive","ELEVTYP_F":0,"ELEVTYP_T":0},"geometry":{"type":"LineString","coordinates":[[-74.1299491087484,40.4457766396693],[-74.1300309058193,40.4457670458002],[-74.130353599655,40.4457291750413],[-74.1309797526447,40.4456556885626]]}},{"type":"Feature","id":133077,"properties":{"OBJECTID":133077,"PRIMENAME":"Beacon Light Avenue","ELEVTYP_F":0,"ELEVTYP_T":0},"geometry":{"type":"LineString","coordinates":[[-74.1233586718496,40.4457935956473],[-74.1229512008745,40.4462255333954],[-74.1228225700741,40.4463659680608]]}},{"type":"Feature","id":134016,"properties":{"OBJECTID":134016,"PRIMENAME":"Francis Place","ELEVTYP_F":0,"ELEVTYP_T":0},"geometry":{"type":"LineString","coordinates":[[-74.1314904930545,40.4439896123119],[-74.131562827959,40.4439752111076],[-74.132068561092,40.4438814829796],[-74.1321655732787,40.4438817916979]]}},{"type":"Feature","id":134147,"properties":{"OBJECTID":134147,"PRIMENAME":"Main Street","ELEVTYP_F":0,"ELEVTYP_T":0},"geometry":{"type":"LineString","coordinates":[[-74.129889683113,40.4473739883902],[-74.1298339986988,40.4475488408493],[-74.1297959914385,40.4476583879394],[-74.1297140031411,40.4478201166668],[-74.1295755488295,40.4480436768833],[-74.1295237950802,40.4481175479161]]}},{"type":"Feature","id":134481,"properties":{"OBJECTID":134481,"PRIMENAME":"Cedar Avenue","ELEVTYP_F":0,"ELEVTYP_T":0},"geometry":{"type":"LineString","coordinates":[[-74.1186973753486,40.4381472094382],[-74.1181125603963,40.4381508792651],[-74.1178810641907,40.4381534358855]]}},{"type":"Feature","id":135946,"properties":{"OBJECTID":135946,"PRIMENAME":"Kennedy Way","ELEVTYP_F":0,"ELEVTYP_T":0},"geometry":{"type":"LineString","coordinates":[[-74.1361599426724,40.4459961460689],[-74.1370984438598,40.4458228025147],[-74.1373206899212,40.4457810871481]]}},{"type":"Feature","id":135968,"properties":{"OBJECTID":135968,"PRIMENAME":"Myrtle Avenue","ELEVTYP_F":0,"ELEVTYP_T":0},"geometry":{"type":"LineString","coordinates":[[-74.1332174191153,40.4437077972161],[-74.1329843032401,40.4429741289831],[-74.1329628742794,40.4429042245751]]}},{"type":"Feature","id":136629,"properties":{"OBJECTID":136629,"PRIMENAME":"Hill Street","ELEVTYP_F":0,"ELEVTYP_T":0},"geometry":{"type":"LineString","coordinates":[[-74.1374416293187,40.4482298918315],[-74.1373171230192,40.4480825262769],[-74.1371372291801,40.447891311235],[-74.1370763608012,40.4478191304147],[-74.1369760567201,40.4477001817194],[-74.1370899181698,40.4476404892252]]}},{"type":"Feature","id":137643,"properties":{"OBJECTID":137643,"PRIMENAME":"Grove Place","ELEVTYP_F":0,"ELEVTYP_T":0},"geometry":{"type":"LineString","coordinates":[[-74.1269191520658,40.4483592538985],[-74.1270036723477,40.4483451966036],[-74.128121228888,40.4481819747681],[-74.1282693201788,40.4481603530358]]}},{"type":"Feature","id":140362,"properties":{"OBJECTID":140362,"PRIMENAME":"Brown Avenue","ELEVTYP_F":0,"ELEVTYP_T":0},"geometry":{"type":"LineString","coordinates":[[-74.1467971054954,40.4397593906192],[-74.1468600004471,40.4405669711259],[-74.1468880060495,40.4409003199745]]}},{"type":"Feature","id":140623,"properties":{"OBJECTID":140623,"PRIMENAME":"Holmes Place","ELEVTYP_F":0,"ELEVTYP_T":0},"geometry":{"type":"LineString","coordinates":[[-74.1223153385586,40.4389664622885],[-74.1217014250207,40.4389556810039]]}},{"type":"Feature","id":142231,"properties":{"OBJECTID":142231,"PRIMENAME":"Poplar Avenue","ELEVTYP_F":0,"ELEVTYP_T":0},"geometry":{"type":"LineString","coordinates":[[-74.1392759781105,40.4397733484372],[-74.139189039537,40.4391468531485],[-74.1391695577476,40.4390005853522]]}},{"type":"Feature","id":142339,"properties":{"OBJECTID":142339,"PRIMENAME":"8th Street","ELEVTYP_F":0,"ELEVTYP_T":0},"geometry":{"type":"LineString","coordinates":[[-74.1416477159296,40.4424482157542],[-74.1418348202581,40.4424721572436],[-74.1426476502556,40.4424872744073],[-74.1430635756317,40.4424950088156],[-74.1437808801839,40.4425019703677],[-74.1446512950595,40.4425066530575]]}},{"type":"Feature","id":144026,"properties":{"OBJECTID":144026,"PRIMENAME":"Seabreeze Way","ELEVTYP_F":0,"ELEVTYP_T":0},"geometry":{"type":"LineString","coordinates":[[-74.1364788204818,40.4538752274206],[-74.1359315952115,40.4539735650649],[-74.1353472371148,40.4540801291827]]}},{"type":"Feature","id":145338,"properties":{"OBJECTID":145338,"PRIMENAME":"Crescent Avenue","ELEVTYP_F":0,"ELEVTYP_T":0},"geometry":{"type":"LineString","coordinates":[[-74.1187333459084,40.4432275856562],[-74.1187386597173,40.4432282624481],[-74.1188236441827,40.4432390819572]]}},{"type":"Feature","id":145444,"properties":{"OBJECTID":145444,"PRIMENAME":"Orchard Street","ELEVTYP_F":0,"ELEVTYP_T":0},"geometry":{"type":"LineString","coordinates":[[-74.1215512580125,40.446532698269],[-74.1215969374773,40.4463259732117],[-74.1217824733163,40.4455020477434],[-74.1218157890777,40.4453533146868]]}},{"type":"Feature","id":146475,"properties":{"OBJECTID":146475,"PRIMENAME":"North Park Avenue","ELEVTYP_F":0,"ELEVTYP_T":0},"geometry":{"type":"LineString","coordinates":[[-74.1462182404074,40.4451925379085],[-74.1462158408448,40.4456502014057],[-74.1462188976001,40.4458759448208]]}},{"type":"Feature","id":146859,"properties":{"OBJECTID":146859,"PRIMENAME":"Sunset Place","ELEVTYP_F":0,"ELEVTYP_T":0},"geometry":{"type":"LineString","coordinates":[[-74.1186973753486,40.4381472094382],[-74.1186969892428,40.4380884892326],[-74.1186898784168,40.4370322688274]]}},{"type":"Feature","id":146860,"properties":{"OBJECTID":146860,"PRIMENAME":"Willow Street","ELEVTYP_F":0,"ELEVTYP_T":0},"geometry":{"type":"LineString","coordinates":[[-74.1382933957531,40.4477788694138],[-74.1379791681003,40.4479320812194],[-74.1374849379863,40.4481878895343],[-74.1374416293187,40.4482298918315]]}},{"type":"Feature","id":146971,"properties":{"OBJECTID":146971,"PRIMENAME":"Loshen Place","ELEVTYP_F":0,"ELEVTYP_T":0},"geometry":{"type":"LineString","coordinates":[[-74.1309640592048,40.4368234175382],[-74.1310716884283,40.4368248039928],[-74.1320352899669,40.4368371263695]]}},{"type":"Feature","id":147040,"properties":{"OBJECTID":147040,"PRIMENAME":"Central Avenue","ELEVTYP_F":0,"ELEVTYP_T":0},"geometry":{"type":"LineString","coordinates":[[-74.1442264091527,40.446421110369],[-74.1442871528718,40.4458587067349],[-74.1442991258143,40.4457550864715]]}},{"type":"Feature","id":147116,"properties":{"OBJECTID":147116,"PRIMENAME":"Locust Grove","ELEVTYP_F":0,"ELEVTYP_T":0},"geometry":{"type":"LineString","coordinates":[[-74.1463234765852,40.439780197399],[-74.1462954757941,40.4396401975017],[-74.1462294681847,40.4389421472468],[-74.1462114752821,40.4388421978234]]}},{"type":"Feature","id":147123,"properties":{"OBJECTID":147123,"PRIMENAME":"Carr Avenue","ELEVTYP_F":0,"ELEVTYP_T":0},"geometry":{"type":"LineString","coordinates":[[-74.1314002369659,40.4406147380175],[-74.1314184703243,40.4407101080085],[-74.1314522030507,40.4411122704115]]}},{"type":"Feature","id":147329,"properties":{"OBJECTID":147329,"PRIMENAME":"Briarwood Avenue","ELEVTYP_F":0,"ELEVTYP_T":0},"geometry":{"type":"LineString","coordinates":[[-74.1280037236021,40.4468662313136],[-74.1279492446702,40.4465610425374],[-74.1278157392699,40.4458802010126]]}},{"type":"Feature","id":147527,"properties":{"OBJECTID":147527,"PRIMENAME":"Carr Avenue","ELEVTYP_F":0,"ELEVTYP_T":0},"geometry":{"type":"LineString","coordinates":[[-74.1339519733955,40.4496112057763],[-74.1337288908385,40.4488974476896],[-74.1336471963906,40.4486361247321]]}},{"type":"Feature","id":147986,"properties":{"OBJECTID":147986,"PRIMENAME":"Park Avenue","ELEVTYP_F":0,"ELEVTYP_T":0},"geometry":{"type":"LineString","coordinates":[[-74.1182245455302,40.4452477001092],[-74.1181845346133,40.4452424163214],[-74.1181355605829,40.4452359401899]]}},{"type":"Feature","id":148480,"properties":{"OBJECTID":148480,"PRIMENAME":"Johnson Terrace","ELEVTYP_F":0,"ELEVTYP_T":0},"geometry":{"type":"LineString","coordinates":[[-74.1372041306959,40.4386760241852],[-74.1371210129959,40.4386256643853],[-74.1363065282294,40.4381322441819],[-74.1371220650499,40.4372673655469]]}},{"type":"Feature","id":148612,"properties":{"OBJECTID":148612,"PRIMENAME":"Sycamore Avenue","ELEVTYP_F":0,"ELEVTYP_T":0},"geometry":{"type":"LineString","coordinates":[[-74.1197134418401,40.438881068613],[-74.1196627763332,40.438863250326],[-74.1196485210766,40.4388577401538],[-74.1195837631754,40.4388327117885],[-74.1194848174397,40.438813498867],[-74.119376022429,40.4388017755659],[-74.1190889414119,40.4388046190132],[-74.1186554798256,40.4388054154777],[-74.1183563261547,40.4388059629838],[-74.1176155562619,40.4388127359102],[-74.1168366368072,40.4388198504899],[-74.1167096680903,40.4388260456905]]}},{"type":"Feature","id":149322,"properties":{"OBJECTID":149322,"PRIMENAME":"Grove Street","ELEVTYP_F":0,"ELEVTYP_T":0},"geometry":{"type":"LineString","coordinates":[[-74.1219527352349,40.4358515537883],[-74.121964056013,40.4358451188156],[-74.1219890209793,40.4358073727096],[-74.1219992324376,40.4357544521286],[-74.1220404933283,40.4345708212548],[-74.1220288801839,40.4344825818923]]}},{"type":"Feature","id":149412,"properties":{"OBJECTID":149412,"PRIMENAME":"Seeley Avenue","ELEVTYP_F":0,"ELEVTYP_T":0},"geometry":{"type":"LineString","coordinates":[[-74.132373956431,40.4494044303217],[-74.1320638649088,40.4493288854363],[-74.1315266814899,40.4491954094309],[-74.1309175249745,40.4490440459721],[-74.1304253330236,40.4489280826742],[-74.1303361959499,40.4489058023113],[-74.1300390759302,40.4488315363515],[-74.1298272003686,40.4487879508353],[-74.1295841977914,40.4487395170373],[-74.1292601643641,40.4486717708089],[-74.1291610658705,40.4486510571239]]}},{"type":"Feature","id":150448,"properties":{"OBJECTID":150448,"PRIMENAME":"Berry Street","ELEVTYP_F":0,"ELEVTYP_T":0},"geometry":{"type":"LineString","coordinates":[[-74.1288760524083,40.4467594851605],[-74.1281534149248,40.4468667129082],[-74.1280597964953,40.4468759377782],[-74.1280037236021,40.4468662313136]]}},{"type":"Feature","id":150907,"properties":{"OBJECTID":150907,"PRIMENAME":"Central Avenue","ELEVTYP_F":0,"ELEVTYP_T":0},"geometry":{"type":"LineString","coordinates":[[-74.144671155787,40.442358173629],[-74.1446606973367,40.4424475235312],[-74.1446512950595,40.4425066530575]]}},{"type":"Feature","id":150955,"properties":{"OBJECTID":150955,"PRIMENAME":"1st Street","ELEVTYP_F":0,"ELEVTYP_T":0},"geometry":{"type":"LineString","coordinates":[[-74.1461888741152,40.4472228700835],[-74.1444677393957,40.4471079477637],[-74.1441539192505,40.4470916920665]]}},{"type":"Feature","id":151625,"properties":{"OBJECTID":151625,"PRIMENAME":"West Shore Street","ELEVTYP_F":0,"ELEVTYP_T":0},"geometry":{"type":"LineString","coordinates":[[-74.1351464452171,40.4505684268013],[-74.1359154262894,40.4504301402732],[-74.1360069714455,40.4504136776139]]}},{"type":"Feature","id":152106,"properties":{"OBJECTID":152106,"PRIMENAME":"Morningside Avenue","ELEVTYP_F":0,"ELEVTYP_T":0},"geometry":{"type":"LineString","coordinates":[[-74.1206783982253,40.4423327518434],[-74.1207268475636,40.4422980200908],[-74.1207574886529,40.4422479938068],[-74.1207099253448,40.4419994607272]]}},{"type":"Feature","id":152412,"properties":{"OBJECTID":152412,"PRIMENAME":"Wood Avenue","ELEVTYP_F":0,"ELEVTYP_T":0},"geometry":{"type":"LineString","coordinates":[[-74.1331888259654,40.4398461300278],[-74.1331941424265,40.439938905459],[-74.1332252674164,40.4404790027215]]}},{"type":"Feature","id":152779,"properties":{"OBJECTID":152779,"PRIMENAME":"Seeley Avenue","ELEVTYP_F":0,"ELEVTYP_T":0},"geometry":{"type":"LineString","coordinates":[[-74.1347868549349,40.4495256172992],[-74.1345268695586,40.4495464001251],[-74.1340587519412,40.449587798545],[-74.1339519733955,40.4496112057763]]}},{"type":"Feature","id":152883,"properties":{"OBJECTID":152883,"PRIMENAME":"Carr Avenue","ELEVTYP_F":0,"ELEVTYP_T":0},"geometry":{"type":"LineString","coordinates":[[-74.1349763332246,40.4528860836274],[-74.1349644972972,40.452848629308]]}},{"type":"Feature","id":152911,"properties":{"OBJECTID":152911,"PRIMENAME":"Robin Road","ELEVTYP_F":0,"ELEVTYP_T":0},"geometry":{"type":"LineString","coordinates":[[-74.1438334756666,40.4367651978975],[-74.1438514746375,40.4367081987556]]}},{"type":"Feature","id":153060,"properties":{"OBJECTID":153060,"PRIMENAME":"Lorraine Place","ELEVTYP_F":0,"ELEVTYP_T":0},"geometry":{"type":"LineString","coordinates":[[-74.1311099634902,40.4361322419579],[-74.1309818716662,40.4361477546639],[-74.1306751949164,40.436110515632]]}},{"type":"Feature","id":153558,"properties":{"OBJECTID":153558,"PRIMENAME":"Francis Place","ELEVTYP_F":0,"ELEVTYP_T":0},"geometry":{"type":"LineString","coordinates":[[-74.1351999769111,40.4433463020432],[-74.1354215263044,40.4433059066373],[-74.1355349624252,40.4432852083051]]}},{"type":"Feature","id":153625,"properties":{"OBJECTID":153625,"PRIMENAME":"Morningside Avenue","ELEVTYP_F":0,"ELEVTYP_T":0},"geometry":{"type":"LineString","coordinates":[[-74.1203810696883,40.4434456748495],[-74.1206069494389,40.4424066642033],[-74.1206200959114,40.4423690435693],[-74.1206783982253,40.4423327518434]]}},{"type":"Feature","id":153627,"properties":{"OBJECTID":153627,"PRIMENAME":"Leroy Place","ELEVTYP_F":0,"ELEVTYP_T":0},"geometry":{"type":"LineString","coordinates":[[-74.1328029793099,40.4375828996949],[-74.1327893064574,40.4375403884411],[-74.1327647518943,40.4374640506485],[-74.1327527009614,40.4373877516694],[-74.1327594606259,40.4372877121592],[-74.132785025484,40.4371781243644],[-74.1328614672451,40.4368829611696],[-74.1328713762511,40.4368446704483]]}},{"type":"Feature","id":153647,"properties":{"OBJECTID":153647,"PRIMENAME":"Monroe Avenue","ELEVTYP_F":0,"ELEVTYP_T":0},"geometry":{"type":"LineString","coordinates":[[-74.134233739493,40.441509406498],[-74.1342599933954,40.4414848273818],[-74.1343125011184,40.4414356736341],[-74.134362216256,40.4413891255827],[-74.1344406648656,40.4413156762412]]}},{"type":"Feature","id":153952,"properties":{"OBJECTID":153952,"PRIMENAME":"Neptune Place","ELEVTYP_F":0,"ELEVTYP_T":0},"geometry":{"type":"LineString","coordinates":[[-74.1222535634612,40.4402786626019],[-74.1215350261808,40.4402470967265],[-74.1208580036056,40.4402173512412],[-74.1207750658585,40.4402133739834]]}},{"type":"Feature","id":154220,"properties":{"OBJECTID":154220,"PRIMENAME":"Center Avenue","ELEVTYP_F":0,"ELEVTYP_T":0},"geometry":{"type":"LineString","coordinates":[[-74.1360928078272,40.4526473171647],[-74.1361629097739,40.4526366392227],[-74.1363569699593,40.4526070803234],[-74.136425785311,40.4525739164838],[-74.13657612599,40.4524695794444],[-74.1367320166245,40.4523622127942]]}},{"type":"Feature","id":154236,"properties":{"OBJECTID":154236,"PRIMENAME":"Randall Place","ELEVTYP_F":0,"ELEVTYP_T":0},"geometry":{"type":"LineString","coordinates":[[-74.1306475016255,40.4418532538635],[-74.1306391609307,40.4417752103334],[-74.1305264603349,40.4407167587469],[-74.1305206510985,40.440662331717]]}},{"type":"Feature","id":154366,"properties":{"OBJECTID":154366,"PRIMENAME":"Willis Avenue","ELEVTYP_F":0,"ELEVTYP_T":0},"geometry":{"type":"LineString","coordinates":[[-74.1269709285265,40.4439531279396],[-74.1268924478552,40.4436361392682],[-74.1267000533468,40.4428999284712]]}},{"type":"Feature","id":154403,"properties":{"OBJECTID":154403,"PRIMENAME":"Alberta Avenue","ELEVTYP_F":0,"ELEVTYP_T":0},"geometry":{"type":"LineString","coordinates":[[-74.1194869304847,40.4364250589575],[-74.1191542727982,40.436433461711],[-74.1188028440722,40.4364323034779],[-74.1186858335724,40.4364319175995]]}},{"type":"Feature","id":154569,"properties":{"OBJECTID":154569,"PRIMENAME":"Birchwood Avenue","ELEVTYP_F":0,"ELEVTYP_T":0},"geometry":{"type":"LineString","coordinates":[[-74.1249562533181,40.4466883266705],[-74.1252247591977,40.446833400304],[-74.1253988321413,40.4469274920884]]}},{"type":"Feature","id":154714,"properties":{"OBJECTID":154714,"PRIMENAME":"Main Street","ELEVTYP_F":0,"ELEVTYP_T":0},"geometry":{"type":"LineString","coordinates":[[-74.1301132547679,40.4407994120346],[-74.1299834022728,40.4414293649328]]}},{"type":"Feature","id":154725,"properties":{"OBJECTID":154725,"PRIMENAME":"Myrtle Avenue","ELEVTYP_F":0,"ELEVTYP_T":0},"geometry":{"type":"LineString","coordinates":[[-74.1329628742794,40.4429042245751],[-74.1326103801707,40.4417528594054],[-74.1325849980738,40.4416697930323]]}},{"type":"Feature","id":154944,"properties":{"OBJECTID":154944,"PRIMENAME":"Beacon Light Avenue","ELEVTYP_F":0,"ELEVTYP_T":0},"geometry":{"type":"LineString","coordinates":[[-74.1223031970002,40.4469328473539],[-74.1221415191701,40.447109325743],[-74.1218340579491,40.4474276358725],[-74.1217673762944,40.4474966505977]]}},{"type":"Feature","id":155167,"properties":{"OBJECTID":155167,"PRIMENAME":"Unnamed Segment","ELEVTYP_F":0,"ELEVTYP_T":0},"geometry":{"type":"LineString","coordinates":[[-74.128612638116,40.4520024871877],[-74.1286464707221,40.4519522007584],[-74.1287052296069,40.4518786669945],[-74.1286942015027,40.4518028502088],[-74.1285794714253,40.4515862018614],[-74.1284414717216,40.4513152017338],[-74.1283962249457,40.4511781523134]]}},{"type":"Feature","id":155244,"properties":{"OBJECTID":155244,"PRIMENAME":"Shore Boulevard","ELEVTYP_F":0,"ELEVTYP_T":0},"geometry":{"type":"LineString","coordinates":[[-74.1262044160507,40.4499013924164],[-74.1254159793216,40.4494695814602],[-74.1252179243008,40.4493576235067]]}},{"type":"Feature","id":155327,"properties":{"OBJECTID":155327,"PRIMENAME":"Carr Avenue","ELEVTYP_F":0,"ELEVTYP_T":0},"geometry":{"type":"LineString","coordinates":[[-74.1349644972972,40.452848629308],[-74.1349617772083,40.4528399466881],[-74.1348961876085,40.4526326453805],[-74.1347831315633,40.4522753200381]]}},{"type":"Feature","id":155395,"properties":{"OBJECTID":155395,"PRIMENAME":"Hancock Street","ELEVTYP_F":0,"ELEVTYP_T":0},"geometry":{"type":"LineString","coordinates":[[-74.1279069206342,40.4405522404568],[-74.1280012007817,40.4405323668702],[-74.1288255383314,40.4403586678976],[-74.1290498887268,40.4403139111616]]}},{"type":"Feature","id":155643,"properties":{"OBJECTID":155643,"PRIMENAME":"Garden Street","ELEVTYP_F":0,"ELEVTYP_T":0},"geometry":{"type":"LineString","coordinates":[[-74.1242011437731,40.4419000640794],[-74.124222480429,40.4419785078609],[-74.1243508522263,40.4424507332956],[-74.1243614498266,40.442489667186]]}},{"type":"Feature","id":155935,"properties":{"OBJECTID":155935,"PRIMENAME":"Forest Avenue","ELEVTYP_F":0,"ELEVTYP_T":0},"geometry":{"type":"LineString","coordinates":[[-74.1275720116339,40.4478725301149],[-74.1276236896764,40.447903936994],[-74.1277792678952,40.4479711725518],[-74.1279224289358,40.4480288148758],[-74.1280905384428,40.4480913133673],[-74.1282693201788,40.4481603530358]]}},{"type":"Feature","id":155984,"properties":{"OBJECTID":155984,"PRIMENAME":"11th Street","ELEVTYP_F":0,"ELEVTYP_T":0},"geometry":{"type":"LineString","coordinates":[[-74.138715543536,40.4408915658174],[-74.1389245614628,40.4407807378077],[-74.1392811797149,40.4405816751793],[-74.1393790187061,40.4405269667159]]}},{"type":"Feature","id":156328,"properties":{"OBJECTID":156328,"PRIMENAME":"9th Street","ELEVTYP_F":0,"ELEVTYP_T":0},"geometry":{"type":"LineString","coordinates":[[-74.1395208813366,40.4413917752967],[-74.1394913379635,40.4413733731931]]}},{"type":"Feature","id":156482,"properties":{"OBJECTID":156482,"PRIMENAME":"Crescent Street","ELEVTYP_F":0,"ELEVTYP_T":0},"geometry":{"type":"LineString","coordinates":[[-74.1188236441827,40.4432390819572],[-74.1191999250015,40.4432869912834],[-74.1194989683301,40.4433260513053]]}},{"type":"Feature","id":156491,"properties":{"OBJECTID":156491,"PRIMENAME":"Vogel Street","ELEVTYP_F":0,"ELEVTYP_T":0},"geometry":{"type":"LineString","coordinates":[[-74.1320352899669,40.4368371263695],[-74.1320255637747,40.4368945516754],[-74.1320062945264,40.4370088804954],[-74.131942132392,40.4373375184277],[-74.1319255019491,40.4374092779229]]}},{"type":"Feature","id":156608,"properties":{"OBJECTID":156608,"PRIMENAME":"Gary Avenue","ELEVTYP_F":0,"ELEVTYP_T":0},"geometry":{"type":"LineString","coordinates":[[-74.1440174766619,40.4360701973361],[-74.143969476454,40.4360561967916],[-74.1432964762511,40.435930197896],[-74.142695476368,40.4358181974121],[-74.1426634744913,40.4358211976019],[-74.142627476442,40.4358411976058],[-74.1426174762311,40.4358781973781],[-74.1426454750343,40.436146198894],[-74.1426524754837,40.4361661985125],[-74.1426654760365,40.4361831986342],[-74.142686475128,40.4361921969787],[-74.1427194756559,40.4362011981853],[-74.1427754736949,40.4362121978134]]}},{"type":"Feature","id":157941,"properties":{"OBJECTID":157941,"PRIMENAME":"Ocean Avenue","ELEVTYP_F":0,"ELEVTYP_T":0},"geometry":{"type":"LineString","coordinates":[[-74.1166854940956,40.4364338946357],[-74.1166887050629,40.4368489727576]]}},{"type":"Feature","id":157955,"properties":{"OBJECTID":157955,"PRIMENAME":"Beech Street","ELEVTYP_F":0,"ELEVTYP_T":0},"geometry":{"type":"LineString","coordinates":[[-74.1305206510985,40.440662331717],[-74.13129440369,40.4405857962545],[-74.1313630371747,40.4405908191335],[-74.1314002369659,40.4406147380175]]}},{"type":"Feature","id":158110,"properties":{"OBJECTID":158110,"PRIMENAME":"Atlantic Avenue","ELEVTYP_F":0,"ELEVTYP_T":0},"geometry":{"type":"LineString","coordinates":[[-74.1196457012327,40.4394704216781],[-74.1196460315281,40.439411813723],[-74.1197051711843,40.4389462386241],[-74.1197134418401,40.438881068613]]}},{"type":"Feature","id":158214,"properties":{"OBJECTID":158214,"PRIMENAME":"Pacific Avenue","ELEVTYP_F":0,"ELEVTYP_T":0},"geometry":{"type":"LineString","coordinates":[[-74.1185888526549,40.4422961467133],[-74.1186008338609,40.442216906689],[-74.118613785401,40.4421311627543],[-74.1186209263901,40.4419739169146],[-74.1186246700636,40.4413114694808],[-74.1186351492682,40.4405632584048],[-74.1186356662891,40.4404717642772]]}},{"type":"Feature","id":158314,"properties":{"OBJECTID":158314,"PRIMENAME":"Robin Road","ELEVTYP_F":0,"ELEVTYP_T":0},"geometry":{"type":"LineString","coordinates":[[-74.1437117703847,40.4376442348294],[-74.1437304758366,40.4375371983869],[-74.1437778568834,40.4373823858368],[-74.1437817247898,40.4373302435467],[-74.1437214761256,40.4371611979655],[-74.1437244757361,40.4371071967822],[-74.1437354758334,40.4370541974468],[-74.1438334756666,40.4367651978975]]}},{"type":"Feature","id":158645,"properties":{"OBJECTID":158645,"PRIMENAME":"Railroad Avenue","ELEVTYP_F":0,"ELEVTYP_T":0},"geometry":{"type":"LineString","coordinates":[[-74.133289812661,40.4411548447775],[-74.1339780979467,40.4414569610931],[-74.1341229441303,40.4415205300299]]}},{"type":"Feature","id":158859,"properties":{"OBJECTID":158859,"PRIMENAME":"Main Street","ELEVTYP_F":0,"ELEVTYP_T":0},"geometry":{"type":"LineString","coordinates":[[-74.1281932599549,40.4500820128563],[-74.1279087874443,40.4505023127831],[-74.127799033399,40.450660739017]]}},{"type":"Feature","id":158929,"properties":{"OBJECTID":158929,"PRIMENAME":"Newman Street","ELEVTYP_F":0,"ELEVTYP_T":0},"geometry":{"type":"LineString","coordinates":[[-74.1381886190819,40.4411709116924],[-74.1381305093984,40.4411261752303],[-74.1379628023253,40.4409969579292],[-74.1378260774178,40.4409059947974],[-74.1376458013777,40.4407958158802],[-74.1374902711787,40.4407142915377],[-74.1373035550276,40.4406326961677],[-74.1371479595878,40.4405702493837],[-74.1369175150526,40.440502764232],[-74.1367805103741,40.4404642314513],[-74.1365998682517,40.4404160073721]]}},{"type":"Feature","id":159130,"properties":{"OBJECTID":159130,"PRIMENAME":"Lakewood Avenue","ELEVTYP_F":0,"ELEVTYP_T":0},"geometry":{"type":"LineString","coordinates":[[-74.1228225700741,40.4463659680608],[-74.1227572589095,40.446324961483],[-74.12262174328,40.4460195336441],[-74.1224614700485,40.4456758386536]]}},{"type":"Feature","id":159619,"properties":{"OBJECTID":159619,"PRIMENAME":"Woodside Avenue","ELEVTYP_F":0,"ELEVTYP_T":0},"geometry":{"type":"LineString","coordinates":[[-74.1266400154748,40.4477764366342],[-74.1265108097714,40.4475066206637],[-74.1263705104191,40.4472136340134]]}},{"type":"Feature","id":159676,"properties":{"OBJECTID":159676,"PRIMENAME":"Taylor Avenue","ELEVTYP_F":0,"ELEVTYP_T":0},"geometry":{"type":"LineString","coordinates":[[-74.1186898784168,40.4370322688274],[-74.1199181365655,40.4370222031492]]}},{"type":"Feature","id":160012,"properties":{"OBJECTID":160012,"PRIMENAME":"Stern Avenue","ELEVTYP_F":0,"ELEVTYP_T":0},"geometry":{"type":"LineString","coordinates":[[-74.1447944765377,40.4364441973211],[-74.1445364755244,40.436407197734]]}},{"type":"Feature","id":160621,"properties":{"OBJECTID":160621,"PRIMENAME":"Morningside Avenue","ELEVTYP_F":0,"ELEVTYP_T":0},"geometry":{"type":"LineString","coordinates":[[-74.1197274358074,40.446344325159],[-74.119744514956,40.4462722114711],[-74.1199170323517,40.4455435849713],[-74.1199323764028,40.4454732506038]]}},{"type":"Feature","id":161708,"properties":{"OBJECTID":161708,"PRIMENAME":"Wood Avenue","ELEVTYP_F":0,"ELEVTYP_T":0},"geometry":{"type":"LineString","coordinates":[[-74.1332252674164,40.4404790027215],[-74.133245341211,40.4408283375818],[-74.1332454542662,40.4408303094378],[-74.1332562386215,40.4411401065031],[-74.133289812661,40.4411548447775]]}},{"type":"Feature","id":163760,"properties":{"OBJECTID":163760,"PRIMENAME":"Atlantic Avenue","ELEVTYP_F":0,"ELEVTYP_T":0},"geometry":{"type":"LineString","coordinates":[[-74.1182718148928,40.4447719935854],[-74.1182618955224,40.4448041892435],[-74.1181355605829,40.4452359401899]]}},{"type":"Feature","id":163822,"properties":{"OBJECTID":163822,"PRIMENAME":"Neptune Place","ELEVTYP_F":0,"ELEVTYP_T":0},"geometry":{"type":"LineString","coordinates":[[-74.1158589180638,40.4404945516874],[-74.116639498824,40.4404899512041],[-74.1167337449768,40.4404890829579]]}},{"type":"Feature","id":164089,"properties":{"OBJECTID":164089,"PRIMENAME":"Bow Avenue","ELEVTYP_F":0,"ELEVTYP_T":0},"geometry":{"type":"LineString","coordinates":[[-74.1444114780593,40.4368251971756],[-74.145100476141,40.4369531966751],[-74.1452124751448,40.4369691980512]]}},{"type":"Feature","id":164274,"properties":{"OBJECTID":164274,"PRIMENAME":"Grove Place","ELEVTYP_F":0,"ELEVTYP_T":0},"geometry":{"type":"LineString","coordinates":[[-74.1261103219651,40.448355048399],[-74.12621123975,40.4483712142583],[-74.1264543278081,40.4484101302838],[-74.1265229324741,40.4484151280262],[-74.1266102741529,40.4484106340926],[-74.1269191520658,40.4483592538985]]}},{"type":"Feature","id":164727,"properties":{"OBJECTID":164727,"PRIMENAME":"Unnamed Segment","ELEVTYP_F":0,"ELEVTYP_T":0},"geometry":{"type":"LineString","coordinates":[[-74.1216434683824,40.4475752003778],[-74.121518468487,40.4479402012831],[-74.1214914691019,40.4479682010519],[-74.1214484692151,40.4479861999825],[-74.1213744697537,40.4479901996389],[-74.1212904704001,40.4479842018402],[-74.1210494692259,40.4479491995706],[-74.1209834696451,40.4479272003919],[-74.120629467788,40.4477132006474]]}},{"type":"Feature","id":165315,"properties":{"OBJECTID":165315,"PRIMENAME":"Crescent Street","ELEVTYP_F":0,"ELEVTYP_T":0},"geometry":{"type":"LineString","coordinates":[[-74.123680023341,40.4433749575908],[-74.1242905117081,40.4432083087349],[-74.1245148498361,40.4431455426364]]}},{"type":"Feature","id":165671,"properties":{"OBJECTID":165671,"PRIMENAME":"Lincoln Court","ELEVTYP_F":0,"ELEVTYP_T":0},"geometry":{"type":"LineString","coordinates":[[-74.1318768591505,40.4470120718276],[-74.1319082302175,40.4469788184166],[-74.1319023261906,40.4469215902289],[-74.1318410413015,40.4467212464168],[-74.1316936289097,40.4462966243452],[-74.1315767826649,40.4459864345112],[-74.1314481309862,40.4455618988839],[-74.1311041932933,40.4445694735771],[-74.1309692428738,40.4441544153466],[-74.1309485002061,40.4440906064879]]}},{"type":"Feature","id":165860,"properties":{"OBJECTID":165860,"PRIMENAME":"Twilight Avenue","ELEVTYP_F":0,"ELEVTYP_T":0},"geometry":{"type":"LineString","coordinates":[[-74.1229078278307,40.4420661065668],[-74.1228911872036,40.4419833412923],[-74.1228430899067,40.4417439794256]]}},{"type":"Feature","id":166137,"properties":{"OBJECTID":166137,"PRIMENAME":"Woodside Avenue","ELEVTYP_F":0,"ELEVTYP_T":0},"geometry":{"type":"LineString","coordinates":[[-74.1269191520658,40.4483592538985],[-74.1269008581361,40.4483210375648],[-74.1266400154748,40.4477764366342]]}},{"type":"Feature","id":166285,"properties":{"OBJECTID":166285,"PRIMENAME":"Evergreen Place","ELEVTYP_F":0,"ELEVTYP_T":0},"geometry":{"type":"LineString","coordinates":[[-74.1262835602365,40.445058658044],[-74.1262045998837,40.4450684502712],[-74.1258488985418,40.4450911277572],[-74.125761445401,40.4451098958682],[-74.1254990767378,40.4451805568374],[-74.1254192258834,40.4452020674408]]}},{"type":"Feature","id":166912,"properties":{"OBJECTID":166912,"PRIMENAME":"Cruse Place","ELEVTYP_F":0,"ELEVTYP_T":0},"geometry":{"type":"LineString","coordinates":[[-74.1158508684363,40.4394911725347],[-74.1166202772275,40.439484283446],[-74.116724367169,40.4394833658914]]}},{"type":"Feature","id":167408,"properties":{"OBJECTID":167408,"PRIMENAME":"Oakwood Place","ELEVTYP_F":0,"ELEVTYP_T":0},"geometry":{"type":"LineString","coordinates":[[-74.1408626768102,40.4518464592847],[-74.1407846453149,40.4517821176136],[-74.1402548120192,40.4513456110073]]}},{"type":"Feature","id":167474,"properties":{"OBJECTID":167474,"PRIMENAME":"Cottage Place","ELEVTYP_F":0,"ELEVTYP_T":0},"geometry":{"type":"LineString","coordinates":[[-74.1227902484468,40.4450837403541],[-74.1228082859403,40.4450002371559],[-74.1231156998004,40.4435809819058],[-74.1231307097628,40.4435117429729]]}},{"type":"Feature","id":169059,"properties":{"OBJECTID":169059,"PRIMENAME":"Maple Avenue","ELEVTYP_F":0,"ELEVTYP_T":0},"geometry":{"type":"LineString","coordinates":[[-74.1313552729104,40.4478854527179],[-74.1314791888016,40.447868663651],[-74.131579111902,40.4478499030482],[-74.1316478111169,40.4478310707913],[-74.1319478681631,40.4477223856214],[-74.1321965109021,40.447625723523]]}},{"type":"Feature","id":169240,"properties":{"OBJECTID":169240,"PRIMENAME":"Ramsey Avenue","ELEVTYP_F":0,"ELEVTYP_T":0},"geometry":{"type":"LineString","coordinates":[[-74.1353384458373,40.4469179584862],[-74.1354437844716,40.4472664303235],[-74.1355433866896,40.4475862797177]]}},{"type":"Feature","id":169463,"properties":{"OBJECTID":169463,"PRIMENAME":"Euclid Avenue","ELEVTYP_F":0,"ELEVTYP_T":0},"geometry":{"type":"LineString","coordinates":[[-74.1299508471384,40.4358458531046],[-74.1300034404957,40.4355722631696]]}},{"type":"Feature","id":169696,"properties":{"OBJECTID":169696,"PRIMENAME":"Crescent Street","ELEVTYP_F":0,"ELEVTYP_T":0},"geometry":{"type":"LineString","coordinates":[[-74.1212862487026,40.4435511750178],[-74.1214066488395,40.4435515693799],[-74.122228142663,40.4435362215067]]}},{"type":"Feature","id":169776,"properties":{"OBJECTID":169776,"PRIMENAME":"Seeley Avenue","ELEVTYP_F":0,"ELEVTYP_T":0},"geometry":{"type":"LineString","coordinates":[[-74.1361930490372,40.4496721952325],[-74.1361793657852,40.4496707795982],[-74.1359112895216,40.4496460804182],[-74.1353938271618,40.4495824919668],[-74.1350384774789,40.4495361028226]]}},{"type":"Feature","id":170194,"properties":{"OBJECTID":170194,"PRIMENAME":"Shadyside Avenue","ELEVTYP_F":0,"ELEVTYP_T":0},"geometry":{"type":"LineString","coordinates":[[-74.1251320211531,40.4444333735235],[-74.1251012265275,40.4443690644991],[-74.1248181050478,40.4437782958322]]}},{"type":"Feature","id":170811,"properties":{"OBJECTID":170811,"PRIMENAME":"Port Monmouth Road","ELEVTYP_F":0,"ELEVTYP_T":0},"geometry":{"type":"LineString","coordinates":[[-74.1263720671474,40.4415918476637],[-74.1263704110613,40.441592253903],[-74.1260206622226,40.4416721327067],[-74.1256523522493,40.4417233731007],[-74.125516735428,40.4417396515183]]}},{"type":"Feature","id":170848,"properties":{"OBJECTID":170848,"PRIMENAME":"Euclid Avenue","ELEVTYP_F":0,"ELEVTYP_T":0},"geometry":{"type":"LineString","coordinates":[[-74.1300034404957,40.4355722631696],[-74.1300210516834,40.4355250756041],[-74.1300559171582,40.4354760212856],[-74.1300857830129,40.4354477593263],[-74.130123028878,40.435423309059],[-74.1301677006367,40.4354007495601],[-74.1302197432,40.4353838966529],[-74.1302688496355,40.4353778059768],[-74.130293980789,40.4353746899776],[-74.1303912320332,40.4353618245838]]}},{"type":"Feature","id":171213,"properties":{"OBJECTID":171213,"PRIMENAME":"Beachway Avenue","ELEVTYP_F":0,"ELEVTYP_T":0},"geometry":{"type":"LineString","coordinates":[[-74.1388654543906,40.4538111930045],[-74.1388264900076,40.4539683440074],[-74.1386612392863,40.4545349745165],[-74.1385856190368,40.4546777051243],[-74.1385290674564,40.4547490127062],[-74.1384664021964,40.4548012481782],[-74.1383663162711,40.4548485913817],[-74.1382038458294,40.4548957383631],[-74.1376418343381,40.4549892896464],[-74.136867937988,40.455129718268]]}},{"type":"Feature","id":171358,"properties":{"OBJECTID":171358,"PRIMENAME":"Twilight Avenue","ELEVTYP_F":0,"ELEVTYP_T":0},"geometry":{"type":"LineString","coordinates":[[-74.1252179243008,40.4493576235067],[-74.125486807329,40.4490742349911],[-74.1257257194253,40.4488298670702]]}},{"type":"Feature","id":172091,"properties":{"OBJECTID":172091,"PRIMENAME":"Willis Avenue","ELEVTYP_F":0,"ELEVTYP_T":0},"geometry":{"type":"LineString","coordinates":[[-74.1267000533468,40.4428999284712],[-74.1266481192156,40.4427012313315],[-74.1265321987814,40.4422290477726],[-74.1264974297074,40.4420906893035]]}},{"type":"Feature","id":172416,"properties":{"OBJECTID":172416,"PRIMENAME":"Beacon Boulevard","ELEVTYP_F":0,"ELEVTYP_T":0},"geometry":{"type":"LineString","coordinates":[[-74.1212862487026,40.4435511750178],[-74.1212177874516,40.443860741281],[-74.1210194878917,40.444737028729],[-74.1208529595649,40.4455085559848],[-74.1208348345074,40.4455878859269]]}},{"type":"Feature","id":172511,"properties":{"OBJECTID":172511,"PRIMENAME":"Stella Drive","ELEVTYP_F":0,"ELEVTYP_T":0},"geometry":{"type":"LineString","coordinates":[[-74.1344406648656,40.4413156762412],[-74.1344224124967,40.4411962326087],[-74.1344196062551,40.441177874129],[-74.1343320212361,40.4406049424207],[-74.1343072924415,40.4405667617902],[-74.1342638981118,40.4405189690329],[-74.1342142257391,40.4404759594999],[-74.1341456544318,40.4404661894436],[-74.1333097786353,40.4404777883616],[-74.1332252674164,40.4404790027215]]}},{"type":"Feature","id":172531,"properties":{"OBJECTID":172531,"PRIMENAME":"3rd Street","ELEVTYP_F":0,"ELEVTYP_T":0},"geometry":{"type":"LineString","coordinates":[[-74.1462188976001,40.4458759448208],[-74.1461148751504,40.4458691472448],[-74.1451233207166,40.4458041500616]]}},{"type":"Feature","id":172719,"properties":{"OBJECTID":172719,"PRIMENAME":"Laurel Avenue","ELEVTYP_F":0,"ELEVTYP_T":0},"geometry":{"type":"LineString","coordinates":[[-74.1413233990227,40.4401185804896],[-74.1413774549856,40.4405071593871],[-74.1414982502782,40.4413588337572]]}},{"type":"Feature","id":173201,"properties":{"OBJECTID":173201,"PRIMENAME":"Pacific Avenue","ELEVTYP_F":0,"ELEVTYP_T":0},"geometry":{"type":"LineString","coordinates":[[-74.1186356662891,40.4404717642772],[-74.1186360647941,40.4404012429191],[-74.1186403198385,40.4396482342066],[-74.1186429319451,40.4391859595657]]}},{"type":"Feature","id":174387,"properties":{"OBJECTID":174387,"PRIMENAME":"Holly Street","ELEVTYP_F":0,"ELEVTYP_T":0},"geometry":{"type":"LineString","coordinates":[[-74.1238258060148,40.4426444257163],[-74.1243614498266,40.442489667186]]}},{"type":"Feature","id":174654,"properties":{"OBJECTID":174654,"PRIMENAME":"Main Street","ELEVTYP_F":0,"ELEVTYP_T":0},"geometry":{"type":"LineString","coordinates":[[-74.1308048804645,40.4375695902983],[-74.130720892626,40.4379551539184]]}},{"type":"Feature","id":175446,"properties":{"OBJECTID":175446,"PRIMENAME":"Crescent Street","ELEVTYP_F":0,"ELEVTYP_T":0},"geometry":{"type":"LineString","coordinates":[[-74.1225795095392,40.4435293534938],[-74.123053671925,40.4435188491145],[-74.1231307097628,40.4435117429729]]}},{"type":"Feature","id":175755,"properties":{"OBJECTID":175755,"PRIMENAME":"Pine View Avenue","ELEVTYP_F":0,"ELEVTYP_T":0},"geometry":{"type":"LineString","coordinates":[[-74.1293206038507,40.4524322394451],[-74.1295123732258,40.4522296715151],[-74.1295127076289,40.4522293195373],[-74.1296275820326,40.452107978324]]}},{"type":"Feature","id":176018,"properties":{"OBJECTID":176018,"PRIMENAME":"Forest Avenue","ELEVTYP_F":0,"ELEVTYP_T":0},"geometry":{"type":"LineString","coordinates":[[-74.1259455014335,40.4434800373784],[-74.1259695822352,40.4435759755817],[-74.1260733131811,40.4439909116553],[-74.1261205892863,40.4441612634828]]}},{"type":"Feature","id":176046,"properties":{"OBJECTID":176046,"PRIMENAME":"Creek Road","ELEVTYP_F":0,"ELEVTYP_T":0},"geometry":{"type":"LineString","coordinates":[[-74.1395569219236,40.4477815262455],[-74.1394714391047,40.4476937168249],[-74.1392792906691,40.4474548105491],[-74.1391669697021,40.4473262893956]]}},{"type":"Feature","id":176622,"properties":{"OBJECTID":176622,"PRIMENAME":"Park Avenue","ELEVTYP_F":0,"ELEVTYP_T":0},"geometry":{"type":"LineString","coordinates":[[-74.1251320211531,40.4444333735235],[-74.1248321496152,40.4445159357865],[-74.1242883173681,40.4446671834447]]}},{"type":"Feature","id":176736,"properties":{"OBJECTID":176736,"PRIMENAME":"Bayview Avenue","ELEVTYP_F":0,"ELEVTYP_T":0},"geometry":{"type":"LineString","coordinates":[[-74.1316763983934,40.4512103554973],[-74.1318737369389,40.4510153928059],[-74.1329400204549,40.4499655255704],[-74.1330990897263,40.449808898216]]}},{"type":"Feature","id":177110,"properties":{"OBJECTID":177110,"PRIMENAME":"Beechwood Avenue","ELEVTYP_F":0,"ELEVTYP_T":0},"geometry":{"type":"LineString","coordinates":[[-74.1290594587058,40.4467024051009],[-74.1290649694153,40.4467314512271],[-74.1288760524083,40.4467594851605]]}},{"type":"Feature","id":178613,"properties":{"OBJECTID":178613,"PRIMENAME":"Beachway Avenue","ELEVTYP_F":0,"ELEVTYP_T":0},"geometry":{"type":"LineString","coordinates":[[-74.1393451648388,40.4532338524752],[-74.1389845918594,40.4535685139747]]}},{"type":"Feature","id":179384,"properties":{"OBJECTID":179384,"PRIMENAME":"Willow Street","ELEVTYP_F":0,"ELEVTYP_T":0},"geometry":{"type":"LineString","coordinates":[[-74.1391669697021,40.4473262893956],[-74.1391051711798,40.4473589283229],[-74.1386297319759,40.4476100520688],[-74.1383482646448,40.4477521111219],[-74.1382933957531,40.4477788694138]]}},{"type":"Feature","id":179901,"properties":{"OBJECTID":179901,"PRIMENAME":"Beachway Avenue","ELEVTYP_F":0,"ELEVTYP_T":0},"geometry":{"type":"LineString","coordinates":[[-74.1426349218812,40.4506650643835],[-74.142574522241,40.4507249096072],[-74.1425118386889,40.4507818972196],[-74.1423678496794,40.4508767626571],[-74.1415980121212,40.4513462149128],[-74.1412787360319,40.4515549261786],[-74.1410408666988,40.4517066800155],[-74.1409093179243,40.4518063601231],[-74.1408626768102,40.4518464592847]]}},{"type":"Feature","id":180040,"properties":{"OBJECTID":180040,"PRIMENAME":"Church Street","ELEVTYP_F":0,"ELEVTYP_T":0},"geometry":{"type":"LineString","coordinates":[[-74.1345130361572,40.4414797906156],[-74.1343708806115,40.4414963334467],[-74.134233739493,40.441509406498]]}},{"type":"Feature","id":182887,"properties":{"OBJECTID":182887,"PRIMENAME":"Laurel Avenue","ELEVTYP_F":0,"ELEVTYP_T":0},"geometry":{"type":"LineString","coordinates":[[-74.1421846975797,40.4462886691515],[-74.1422427818457,40.4467055082086],[-74.1422810345962,40.4469793447559]]}},{"type":"Feature","id":183864,"properties":{"OBJECTID":183864,"PRIMENAME":"Atlantic Avenue","ELEVTYP_F":0,"ELEVTYP_T":0},"geometry":{"type":"LineString","coordinates":[[-74.1184829717091,40.4440747091321],[-74.1184334547292,40.4442471610094],[-74.1182718148928,40.4447719935854]]}},{"type":"Feature","id":183892,"properties":{"OBJECTID":183892,"PRIMENAME":"Laurel Avenue","ELEVTYP_F":0,"ELEVTYP_T":0},"geometry":{"type":"LineString","coordinates":[[-74.1419938007194,40.4449322769389],[-74.1420924797031,40.4456278739901]]}},{"type":"Feature","id":185311,"properties":{"OBJECTID":185311,"PRIMENAME":"Twilight Avenue","ELEVTYP_F":0,"ELEVTYP_T":0},"geometry":{"type":"LineString","coordinates":[[-74.1246026445101,40.4453126008675],[-74.124504437494,40.445120121891],[-74.1242883173681,40.4446671834447]]}},{"type":"Feature","id":185377,"properties":{"OBJECTID":185377,"PRIMENAME":"Shore Boulevard","ELEVTYP_F":0,"ELEVTYP_T":0},"geometry":{"type":"LineString","coordinates":[[-74.1274355684328,40.4500665889165],[-74.1270832750287,40.450059468252]]}},{"type":"Feature","id":186216,"properties":{"OBJECTID":186216,"PRIMENAME":"Jersey Avenue","ELEVTYP_F":0,"ELEVTYP_T":0},"geometry":{"type":"LineString","coordinates":[[-74.121151820417,40.4355846628953],[-74.1213661220022,40.435680539081],[-74.121756146706,40.4358520158515],[-74.1218203631016,40.4358748734008],[-74.1218748054662,40.435878866586],[-74.1219243387047,40.4358676913416],[-74.1219527352349,40.4358515537883]]}},{"type":"Feature","id":186688,"properties":{"OBJECTID":186688,"PRIMENAME":"Carr Avenue","ELEVTYP_F":0,"ELEVTYP_T":0},"geometry":{"type":"LineString","coordinates":[[-74.1355393077352,40.4547002592051],[-74.1353660225466,40.4541417892636],[-74.1353472371148,40.4540801291827]]}},{"type":"Feature","id":187208,"properties":{"OBJECTID":187208,"PRIMENAME":"Morningside Place","ELEVTYP_F":0,"ELEVTYP_T":0},"geometry":{"type":"LineString","coordinates":[[-74.1195264709474,40.4381420073022],[-74.1195260393972,40.4380912206742],[-74.1195203595072,40.4373461405651]]}},{"type":"Feature","id":187451,"properties":{"OBJECTID":187451,"PRIMENAME":"Cedar Avenue","ELEVTYP_F":0,"ELEVTYP_T":0},"geometry":{"type":"LineString","coordinates":[[-74.1196916010186,40.4381409583108],[-74.1195264709474,40.4381420073022]]}},{"type":"Feature","id":187518,"properties":{"OBJECTID":187518,"PRIMENAME":"Saint Peters Place","ELEVTYP_F":0,"ELEVTYP_T":0},"geometry":{"type":"LineString","coordinates":[[-74.1400529490636,40.4487964427784],[-74.1400703592382,40.4488536784455],[-74.1402464728516,40.4494324096098]]}},{"type":"Feature","id":188152,"properties":{"OBJECTID":188152,"PRIMENAME":"Morningside Avenue","ELEVTYP_F":0,"ELEVTYP_T":0},"geometry":{"type":"LineString","coordinates":[[-74.1207246888311,40.4408472832427],[-74.120768327623,40.4403191768751],[-74.1207750658585,40.4402133739834]]}},{"type":"Feature","id":188808,"properties":{"OBJECTID":188808,"PRIMENAME":"Main Street","ELEVTYP_F":0,"ELEVTYP_T":0},"geometry":{"type":"LineString","coordinates":[[-74.1299834022728,40.4414293649328],[-74.1299772200923,40.4414593652189],[-74.1299463068081,40.4416093558265],[-74.129895971764,40.4418906549315]]}},{"type":"Feature","id":189154,"properties":{"OBJECTID":189154,"PRIMENAME":"Garfield Avenue","ELEVTYP_F":0,"ELEVTYP_T":0},"geometry":{"type":"LineString","coordinates":[[-74.1346990990733,40.4484448231407],[-74.1357511762321,40.4482535116127]]}},{"type":"Feature","id":189236,"properties":{"OBJECTID":189236,"PRIMENAME":"Center Avenue","ELEVTYP_F":0,"ELEVTYP_T":0},"geometry":{"type":"LineString","coordinates":[[-74.1376079931797,40.451756335357],[-74.1377972130744,40.4516250787686],[-74.1381690749778,40.4513622432495]]}},{"type":"Feature","id":189512,"properties":{"OBJECTID":189512,"PRIMENAME":"Francis Place","ELEVTYP_F":0,"ELEVTYP_T":0},"geometry":{"type":"LineString","coordinates":[[-74.1332174191153,40.4437077972161],[-74.1342716949184,40.4435155449076]]}},{"type":"Feature","id":189694,"properties":{"OBJECTID":189694,"PRIMENAME":"Shore Boulevard","ELEVTYP_F":0,"ELEVTYP_T":0},"geometry":{"type":"LineString","coordinates":[[-74.117499860699,40.4452381048951],[-74.1172180945564,40.4451283554462]]}},{"type":"Feature","id":190180,"properties":{"OBJECTID":190180,"PRIMENAME":"Franklin Avenue","ELEVTYP_F":0,"ELEVTYP_T":0},"geometry":{"type":"LineString","coordinates":[[-74.1388977007939,40.436742177872],[-74.1389280207295,40.4366487177836],[-74.1391817876085,40.4358393049712],[-74.139448696503,40.4349155701791],[-74.1395104148837,40.4347209660464]]}},{"type":"Feature","id":190576,"properties":{"OBJECTID":190576,"PRIMENAME":"Myrtle Avenue","ELEVTYP_F":0,"ELEVTYP_T":0},"geometry":{"type":"LineString","coordinates":[[-74.1337217411774,40.4453098458018],[-74.1332480112759,40.4438042211013],[-74.1332174191153,40.4437077972161]]}},{"type":"Feature","id":191072,"properties":{"OBJECTID":191072,"PRIMENAME":"Central Avenue","ELEVTYP_F":0,"ELEVTYP_T":0},"geometry":{"type":"LineString","coordinates":[[-74.1445693072815,40.443181159185],[-74.1444842621198,40.4439720497331]]}},{"type":"Feature","id":191170,"properties":{"OBJECTID":191170,"PRIMENAME":"South Laurel Avenue","ELEVTYP_F":0,"ELEVTYP_T":0},"geometry":{"type":"LineString","coordinates":[[-74.1418166787159,40.4357762624074],[-74.1417135488421,40.4359425187802],[-74.1413486720268,40.4365323364304],[-74.1413309112337,40.436557211923],[-74.1413221567126,40.4365694730832]]}},{"type":"Feature","id":191304,"properties":{"OBJECTID":191304,"PRIMENAME":"Locust Grove","ELEVTYP_F":0,"ELEVTYP_T":0},"geometry":{"type":"LineString","coordinates":[[-74.1462114752821,40.4388421978234],[-74.1460894746977,40.4388331989875],[-74.1458484762759,40.4388011970874]]}},{"type":"Feature","id":191553,"properties":{"OBJECTID":191553,"PRIMENAME":"Unnamed Segment","ELEVTYP_F":0,"ELEVTYP_T":0},"geometry":{"type":"LineString","coordinates":[[-74.1216434683824,40.4475752003778],[-74.1211794691073,40.4474962007971]]}},{"type":"Feature","id":192709,"properties":{"OBJECTID":192709,"PRIMENAME":"Van Brunt Place","ELEVTYP_F":0,"ELEVTYP_T":0},"geometry":{"type":"LineString","coordinates":[[-74.1273149228825,40.4413585338741],[-74.1271987615637,40.4410705666432]]}},{"type":"Feature","id":194908,"properties":{"OBJECTID":194908,"PRIMENAME":"Port Monmouth Road","ELEVTYP_F":0,"ELEVTYP_T":0},"geometry":{"type":"LineString","coordinates":[[-74.1189901548556,40.442372083365],[-74.1185888526549,40.4422961467133]]}},{"type":"Feature","id":195328,"properties":{"OBJECTID":195328,"PRIMENAME":"Unnamed Segment","ELEVTYP_F":0,"ELEVTYP_T":0},"geometry":{"type":"LineString","coordinates":[[-74.1459594762762,40.4399281992916],[-74.1457864761275,40.439921198268]]}},{"type":"Feature","id":196388,"properties":{"OBJECTID":196388,"PRIMENAME":"Broander Place","ELEVTYP_F":0,"ELEVTYP_T":0},"geometry":{"type":"LineString","coordinates":[[-74.1300948431875,40.4466294198651],[-74.1301884846285,40.4466158838694],[-74.1303488689724,40.4465926974535],[-74.1304995150768,40.4465709189075],[-74.130706227833,40.4465410370224],[-74.1309626444301,40.4465039669476]]}},{"type":"Feature","id":196482,"properties":{"OBJECTID":196482,"PRIMENAME":"Church Street","ELEVTYP_F":0,"ELEVTYP_T":0},"geometry":{"type":"LineString","coordinates":[[-74.129895971764,40.4418906549315],[-74.1300583732738,40.4418972144159],[-74.1303747096205,40.4418753779817],[-74.1305201720256,40.4418653379337],[-74.1306475016255,40.4418532538635]]}},{"type":"Feature","id":197279,"properties":{"OBJECTID":197279,"PRIMENAME":"Krueger Place","ELEVTYP_F":0,"ELEVTYP_T":0},"geometry":{"type":"LineString","coordinates":[[-74.1222670210837,40.4396395253516],[-74.1216510577077,40.4396114610502],[-74.1208168896588,40.4395734509352]]}},{"type":"Feature","id":197549,"properties":{"OBJECTID":197549,"PRIMENAME":"Seeley Avenue","ELEVTYP_F":0,"ELEVTYP_T":0},"geometry":{"type":"LineString","coordinates":[[-74.1330840780533,40.4497610573679],[-74.1328360557817,40.4495839215531],[-74.1326619045357,40.4494880565796],[-74.1325747425858,40.4494591483258],[-74.1324999882897,40.4494351095679],[-74.132450249406,40.4494230107892]]}},{"type":"Feature","id":197850,"properties":{"OBJECTID":197850,"PRIMENAME":"Laurel Avenue","ELEVTYP_F":0,"ELEVTYP_T":0},"geometry":{"type":"LineString","coordinates":[[-74.1416270402194,40.4422956312728],[-74.1416477159296,40.4424482157542]]}},{"type":"Feature","id":197890,"properties":{"OBJECTID":197890,"PRIMENAME":"Locust Grove","ELEVTYP_F":0,"ELEVTYP_T":0},"geometry":{"type":"LineString","coordinates":[[-74.1458484762759,40.4388011970874],[-74.1455704754772,40.4387641970844],[-74.1454664762537,40.4387561984491],[-74.1452634757409,40.438740198221],[-74.1452404777017,40.4387461970558],[-74.1452054749682,40.4387681985227],[-74.1451984766962,40.4388031983881],[-74.1452085140431,40.4389390077075],[-74.1452684764752,40.4397501980375],[-74.1452804779917,40.439860198348]]}},{"type":"Feature","id":198007,"properties":{"OBJECTID":198007,"PRIMENAME":"Camp View Place","ELEVTYP_F":0,"ELEVTYP_T":0},"geometry":{"type":"LineString","coordinates":[[-74.1292684885829,40.4513550415515],[-74.1295848796435,40.4520184596251],[-74.1296275820326,40.452107978324]]}},{"type":"Feature","id":198779,"properties":{"OBJECTID":198779,"PRIMENAME":"Creek Road","ELEVTYP_F":0,"ELEVTYP_T":0},"geometry":{"type":"LineString","coordinates":[[-74.135417688039,40.4429306265748],[-74.1353560163866,40.4427290259693],[-74.13527100822,40.4424825179339]]}},{"type":"Feature","id":198814,"properties":{"OBJECTID":198814,"PRIMENAME":"Twilight Avenue","ELEVTYP_F":0,"ELEVTYP_T":0},"geometry":{"type":"LineString","coordinates":[[-74.1249220716696,40.4496633794566],[-74.1251667788943,40.449411564343],[-74.1252179243008,40.4493576235067]]}},{"type":"Feature","id":199031,"properties":{"OBJECTID":199031,"PRIMENAME":"Forest Avenue","ELEVTYP_F":0,"ELEVTYP_T":0},"geometry":{"type":"LineString","coordinates":[[-74.1282693201788,40.4481603530358],[-74.1283768901771,40.448201876021],[-74.1284525154426,40.4482303666919]]}},{"type":"Feature","id":199306,"properties":{"OBJECTID":199306,"PRIMENAME":"Myrtle Avenue","ELEVTYP_F":0,"ELEVTYP_T":0},"geometry":{"type":"LineString","coordinates":[[-74.1350384774789,40.4495361028226],[-74.1350139655711,40.4494573773029],[-74.1349071975287,40.4491138136654]]}},{"type":"Feature","id":199671,"properties":{"OBJECTID":199671,"PRIMENAME":"7th Street","ELEVTYP_F":0,"ELEVTYP_T":0},"geometry":{"type":"LineString","coordinates":[[-74.1445693072815,40.443181159185],[-74.1439395197468,40.4431744721012],[-74.1425485762281,40.4431558775186],[-74.1418749191997,40.443149043534],[-74.1417425584243,40.4431410563568]]}},{"type":"Feature","id":199825,"properties":{"OBJECTID":199825,"PRIMENAME":"Peri Place","ELEVTYP_F":0,"ELEVTYP_T":0},"geometry":{"type":"LineString","coordinates":[[-74.1454302946775,40.443190309324],[-74.1454298029764,40.4432838895282],[-74.1454265039299,40.4439117502819],[-74.1454259214775,40.4440225981299]]}},{"type":"Feature","id":200083,"properties":{"OBJECTID":200083,"PRIMENAME":"Park Avenue","ELEVTYP_F":0,"ELEVTYP_T":0},"geometry":{"type":"LineString","coordinates":[[-74.1271233943546,40.4445688355479],[-74.1270057386934,40.4445849268548],[-74.1263440105428,40.4446732976821],[-74.1262490092116,40.4446860300102]]}},{"type":"Feature","id":200751,"properties":{"OBJECTID":200751,"PRIMENAME":"Myrtle Avenue","ELEVTYP_F":0,"ELEVTYP_T":0},"geometry":{"type":"LineString","coordinates":[[-74.1344895587199,40.4477776937304],[-74.1344497675505,40.447654091435],[-74.1342816712238,40.4471110905664]]}},{"type":"Feature","id":200888,"properties":{"OBJECTID":200888,"PRIMENAME":"North Shore Street","ELEVTYP_F":0,"ELEVTYP_T":0},"geometry":{"type":"LineString","coordinates":[[-74.1372885613132,40.4514903175593],[-74.1375409871031,40.4517005361788],[-74.1376079931797,40.451756335357]]}},{"type":"Feature","id":200889,"properties":{"OBJECTID":200889,"PRIMENAME":"Brown Avenue West","ELEVTYP_F":0,"ELEVTYP_T":0},"geometry":{"type":"LineString","coordinates":[[-74.1484501806931,40.4395735433938],[-74.1484553887121,40.4396567647469],[-74.1484726306471,40.4399332538388],[-74.1484660924361,40.4399951925001],[-74.1484534027333,40.4400380324228],[-74.1484344349013,40.4400856311404],[-74.1484030645535,40.4401141400235],[-74.1483592135258,40.4401521369919],[-74.1483484736441,40.4401585069646],[-74.1479274870824,40.4404082084307],[-74.1478712179687,40.4404365863981],[-74.1478275051143,40.4404412302313],[-74.1476902941555,40.4404408121637],[-74.147583012784,40.440440485175]]}},{"type":"Feature","id":201321,"properties":{"OBJECTID":201321,"PRIMENAME":"Park Avenue","ELEVTYP_F":0,"ELEVTYP_T":0},"geometry":{"type":"LineString","coordinates":[[-74.1174543909245,40.445151251874],[-74.1172180945564,40.4451283554462]]}},{"type":"Feature","id":201838,"properties":{"OBJECTID":201838,"PRIMENAME":"Creek Road","ELEVTYP_F":0,"ELEVTYP_T":0},"geometry":{"type":"LineString","coordinates":[[-74.1386810240467,40.4468085738969],[-74.1385969527682,40.4467330114963],[-74.1383547527859,40.4465416305219],[-74.1383139872263,40.4465115261649]]}},{"type":"Feature","id":201877,"properties":{"OBJECTID":201877,"PRIMENAME":"Unnamed Segment","ELEVTYP_F":0,"ELEVTYP_T":0},"geometry":{"type":"LineString","coordinates":[[-74.1243330109765,40.4418830319954],[-74.1242830758615,40.441639815418],[-74.1242801556243,40.4416261216319],[-74.1242570524617,40.4415177448108],[-74.1241800269786,40.4411564439126],[-74.1240748351677,40.4406771280877]]}},{"type":"Feature","id":202337,"properties":{"OBJECTID":202337,"PRIMENAME":"FR RT 36 SB to LAUREL AVE","ELEVTYP_F":0,"ELEVTYP_T":0},"geometry":{"type":"LineString","coordinates":[[-74.1432222746657,40.4375546364342],[-74.1428948197441,40.4374689653443],[-74.1422685104758,40.4373311712284],[-74.1421382174717,40.4373012576448],[-74.142091751096,40.4372833252783]]}},{"type":"Feature","id":202809,"properties":{"OBJECTID":202809,"PRIMENAME":"Jersey Avenue","ELEVTYP_F":0,"ELEVTYP_T":0},"geometry":{"type":"LineString","coordinates":[[-74.1200833586507,40.4351084958832],[-74.1201959926728,40.4351585533223],[-74.1207785145848,40.4354176313407],[-74.121151820417,40.4355846628953]]}},{"type":"Feature","id":203072,"properties":{"OBJECTID":203072,"PRIMENAME":"Creek Road","ELEVTYP_F":0,"ELEVTYP_T":0},"geometry":{"type":"LineString","coordinates":[[-74.1355349624252,40.4432852083051],[-74.1355092469319,40.443229922621],[-74.135417688039,40.4429306265748]]}},{"type":"Feature","id":203561,"properties":{"OBJECTID":203561,"PRIMENAME":"Washington Avenue","ELEVTYP_F":0,"ELEVTYP_T":0},"geometry":{"type":"LineString","coordinates":[[-74.1383139872263,40.4465115261649],[-74.138236153554,40.4465460094037],[-74.1379797793664,40.4466595968038],[-74.1376671144303,40.4467968353804],[-74.1375353119803,40.4468517762785],[-74.1373607522424,40.4469245398162],[-74.1371106535217,40.447033368883],[-74.1368168348941,40.4471468361411],[-74.1366542536573,40.4472178088449],[-74.1366104415215,40.4472462762774],[-74.1366040052472,40.4472939114733],[-74.1365912333762,40.4473367776909],[-74.1365972038345,40.4473892018487],[-74.1356729801548,40.4475626411952],[-74.1355433866896,40.4475862797177]]}},{"type":"Feature","id":203683,"properties":{"OBJECTID":203683,"PRIMENAME":"Lawrence Avenue","ELEVTYP_F":0,"ELEVTYP_T":0},"geometry":{"type":"LineString","coordinates":[[-74.1238969538406,40.4478261258319],[-74.1234448165937,40.448314552788],[-74.1233931018635,40.4483673111594]]}},{"type":"Feature","id":204255,"properties":{"OBJECTID":204255,"PRIMENAME":"Main Street","ELEVTYP_F":0,"ELEVTYP_T":0},"geometry":{"type":"LineString","coordinates":[[-74.1311099634902,40.4361322419579],[-74.1310091784284,40.4365942858897],[-74.1309640592048,40.4368234175382]]}},{"type":"Feature","id":205384,"properties":{"OBJECTID":205384,"PRIMENAME":"Fox Avenue","ELEVTYP_F":0,"ELEVTYP_T":0},"geometry":{"type":"LineString","coordinates":[[-74.1329084559401,40.4522068643983],[-74.1327424329949,40.4516594218608]]}},{"type":"Feature","id":205474,"properties":{"OBJECTID":205474,"PRIMENAME":"Neptune Place","ELEVTYP_F":0,"ELEVTYP_T":0},"geometry":{"type":"LineString","coordinates":[[-74.1176427571773,40.4404807008379],[-74.1185420685456,40.4404724164579],[-74.1186356662891,40.4404717642772]]}},{"type":"Feature","id":205834,"properties":{"OBJECTID":205834,"PRIMENAME":"Jersey Street","ELEVTYP_F":0,"ELEVTYP_T":0},"geometry":{"type":"LineString","coordinates":[[-74.1379929274149,40.4404580687775],[-74.1380719813474,40.4404158764099],[-74.1391729286566,40.4398283143533],[-74.1392759781105,40.4397733484372]]}},{"type":"Feature","id":206369,"properties":{"OBJECTID":206369,"PRIMENAME":"South Street","ELEVTYP_F":0,"ELEVTYP_T":0},"geometry":{"type":"LineString","coordinates":[[-74.1350407905128,40.4502310992718],[-74.1350971591198,40.4502201867751],[-74.1356260008407,40.4501178133223]]}},{"type":"Feature","id":206685,"properties":{"OBJECTID":206685,"PRIMENAME":"Main Street","ELEVTYP_F":0,"ELEVTYP_T":0},"geometry":{"type":"LineString","coordinates":[[-74.1302281878944,40.4402494320232],[-74.130176999163,40.440490099891],[-74.1301335936623,40.4407006239447]]}},{"type":"Feature","id":206689,"properties":{"OBJECTID":206689,"PRIMENAME":"Murray Lane","ELEVTYP_F":0,"ELEVTYP_T":0},"geometry":{"type":"LineString","coordinates":[[-74.1377764642615,40.4486829848334],[-74.1378380024848,40.4486655818907],[-74.137938013734,40.4486373179489],[-74.1381569175148,40.4485236125088],[-74.1386323747084,40.4482772677935],[-74.1387128341322,40.4482360134096]]}},{"type":"Feature","id":206783,"properties":{"OBJECTID":206783,"PRIMENAME":"Woodside Avenue","ELEVTYP_F":0,"ELEVTYP_T":0},"geometry":{"type":"LineString","coordinates":[[-74.1254192258834,40.4452020674408],[-74.1255130216756,40.4454033143682]]}},{"type":"Feature","id":207170,"properties":{"OBJECTID":207170,"PRIMENAME":"9th Street","ELEVTYP_F":0,"ELEVTYP_T":0},"geometry":{"type":"LineString","coordinates":[[-74.1416270402194,40.4422956312728],[-74.1414741106791,40.4422708623769],[-74.1412373386928,40.4422224723615],[-74.1409881652579,40.4421549642277],[-74.1407826568949,40.4420923952487],[-74.1405772252361,40.4420154960866],[-74.1403656180522,40.4419242752113],[-74.1401541792472,40.4417949520666],[-74.1399304217798,40.4416512610096],[-74.1397377134759,40.4415267445023],[-74.1395208813366,40.4413917752967]]}},{"type":"Feature","id":207489,"properties":{"OBJECTID":207489,"PRIMENAME":"4th Street","ELEVTYP_F":0,"ELEVTYP_T":0},"geometry":{"type":"LineString","coordinates":[[-74.1443779639785,40.4450725005376],[-74.1461434207856,40.4451876688271],[-74.1462182404074,40.4451925379085]]}},{"type":"Feature","id":207745,"properties":{"OBJECTID":207745,"PRIMENAME":"East Church Street","ELEVTYP_F":0,"ELEVTYP_T":0},"geometry":{"type":"LineString","coordinates":[[-74.1273234407752,40.4419630435415],[-74.1280750938677,40.4418384454036],[-74.1281520448199,40.4418274106501]]}},{"type":"Feature","id":207956,"properties":{"OBJECTID":207956,"PRIMENAME":"9th Street","ELEVTYP_F":0,"ELEVTYP_T":0},"geometry":{"type":"LineString","coordinates":[[-74.1373232871162,40.4399962399026],[-74.1369597312337,40.4396212365119],[-74.1367751493993,40.4394308840561]]}},{"type":"Feature","id":209311,"properties":{"OBJECTID":209311,"PRIMENAME":"Central Avenue","ELEVTYP_F":0,"ELEVTYP_T":0},"geometry":{"type":"LineString","coordinates":[[-74.1441539192505,40.4470916920665],[-74.1441625697268,40.4470116979455],[-74.1442264091527,40.446421110369]]}},{"type":"Feature","id":209360,"properties":{"OBJECTID":209360,"PRIMENAME":"Beachway Avenue","ELEVTYP_F":0,"ELEVTYP_T":0},"geometry":{"type":"LineString","coordinates":[[-74.1426733354303,40.4497967510456],[-74.1426834364443,40.4498842422383],[-74.142696904496,40.4500008983596],[-74.1427208074435,40.4501963438376],[-74.142745100308,40.4503250839259],[-74.1427508006509,40.4504156641996],[-74.1427378883197,40.4505061590307],[-74.1427125466947,40.4505823412482],[-74.1426560545675,40.4506441241544],[-74.1426349218812,40.4506650643835]]}},{"type":"Feature","id":209550,"properties":{"OBJECTID":209550,"PRIMENAME":"Ramsey Avenue","ELEVTYP_F":0,"ELEVTYP_T":0},"geometry":{"type":"LineString","coordinates":[[-74.1347726528988,40.4451195003083],[-74.135082023592,40.4461024173177],[-74.1351087303425,40.446187079593]]}},{"type":"Feature","id":209739,"properties":{"OBJECTID":209739,"PRIMENAME":"Grant Place","ELEVTYP_F":0,"ELEVTYP_T":0},"geometry":{"type":"LineString","coordinates":[[-74.1194869304847,40.4364250589575],[-74.1194862905249,40.4363665027176],[-74.1194731684331,40.4351826398954]]}},{"type":"Feature","id":209864,"properties":{"OBJECTID":209864,"PRIMENAME":"Port Monmouth Road","ELEVTYP_F":0,"ELEVTYP_T":0},"geometry":{"type":"LineString","coordinates":[[-74.1271826661579,40.4413911311351],[-74.1263720671474,40.4415918476637]]}},{"type":"Feature","id":209907,"properties":{"OBJECTID":209907,"PRIMENAME":"Oak Street","ELEVTYP_F":0,"ELEVTYP_T":0},"geometry":{"type":"LineString","coordinates":[[-74.1373401617874,40.4507019358701],[-74.1371828931161,40.4508112669436],[-74.1371463612301,40.4508366637207],[-74.1370651053525,40.4508650128671],[-74.1370617960951,40.4508656608429]]}},{"type":"Feature","id":210372,"properties":{"OBJECTID":210372,"PRIMENAME":"Pinewood Avenue","ELEVTYP_F":0,"ELEVTYP_T":0},"geometry":{"type":"LineString","coordinates":[[-74.140300317303,40.4402083521958],[-74.1403538328507,40.4406231465643],[-74.140456287798,40.4413002275149],[-74.1404678095659,40.4413764960852]]}},{"type":"Feature","id":210586,"properties":{"OBJECTID":210586,"PRIMENAME":"Unnamed Segment","ELEVTYP_F":0,"ELEVTYP_T":0},"geometry":{"type":"LineString","coordinates":[[-74.1359034741164,40.4433412003631],[-74.1357514752317,40.4428712000074]]}},{"type":"Feature","id":211517,"properties":{"OBJECTID":211517,"PRIMENAME":"Creek Road","ELEVTYP_F":0,"ELEVTYP_T":0},"geometry":{"type":"LineString","coordinates":[[-74.1414348955547,40.4485622937612],[-74.1413571052376,40.4485478881268],[-74.1409459625459,40.4484321939975],[-74.1403853547797,40.4482732091394],[-74.1402358887718,40.4482298647384],[-74.1401113853263,40.44818182178],[-74.1399993512343,40.4481337895996],[-74.1398873824388,40.4480667063319],[-74.1398003971041,40.4480044768831],[-74.1397072874279,40.4479184289383],[-74.139601735863,40.4478275372291],[-74.1395569219236,40.4477815262455]]}},{"type":"Feature","id":211616,"properties":{"OBJECTID":211616,"PRIMENAME":"Church Street","ELEVTYP_F":0,"ELEVTYP_T":0},"geometry":{"type":"LineString","coordinates":[[-74.1325849980738,40.4416697930323],[-74.1339558307432,40.44153823624],[-74.1339589396437,40.4415379371648],[-74.1341229441303,40.4415205300299]]}},{"type":"Feature","id":211802,"properties":{"OBJECTID":211802,"PRIMENAME":"Charles Street","ELEVTYP_F":0,"ELEVTYP_T":0},"geometry":{"type":"LineString","coordinates":[[-74.1306612265448,40.4382292033147],[-74.1305401573103,40.4382147340771],[-74.1303948528056,40.4381973781413],[-74.1294742354183,40.4380874065028]]}},{"type":"Feature","id":211976,"properties":{"OBJECTID":211976,"PRIMENAME":"Unnamed Segment","ELEVTYP_F":0,"ELEVTYP_T":0},"geometry":{"type":"LineString","coordinates":[[-74.1232761603138,40.440125608099],[-74.1229586330384,40.4399694442969],[-74.1229461292205,40.4399630351024],[-74.1229340962817,40.439956105072],[-74.122922609656,40.4399486553528],[-74.122911655043,40.4399407138179],[-74.1229013181882,40.4399323347855],[-74.1228916309126,40.4399235192602],[-74.1228848807137,40.4399162498041],[-74.1228787759477,40.4399086528194],[-74.1228733270619,40.4399007571608],[-74.1228685893158,40.4398925882264],[-74.1228645858158,40.4398842298512],[-74.1228612872495,40.4398756540197],[-74.1228587495767,40.4398669716931],[-74.1228570024316,40.4398581532471],[-74.1228559735891,40.4398492560869],[-74.1228557723741,40.4398403337069],[-74.1228563253978,40.4398314408066],[-74.1228576314763,40.4398225782828],[-74.1228597292003,40.4398138012002],[-74.1228637454601,40.4398023671886]]}},{"type":"Feature","id":212394,"properties":{"OBJECTID":212394,"PRIMENAME":"Brookside Avenue","ELEVTYP_F":0,"ELEVTYP_T":0},"geometry":{"type":"LineString","coordinates":[[-74.1321965109021,40.447625723523],[-74.1322288292167,40.4476756514004],[-74.1325443240596,40.4481627655296],[-74.1325562120301,40.4481837755549]]}},{"type":"Feature","id":212446,"properties":{"OBJECTID":212446,"PRIMENAME":"Bayview Avenue","ELEVTYP_F":0,"ELEVTYP_T":0},"geometry":{"type":"LineString","coordinates":[[-74.1302275841166,40.4526393365226],[-74.1302487913389,40.4526178737416],[-74.130316229235,40.4525496203387],[-74.1307385087378,40.452122238199],[-74.1314409427379,40.4514429149884],[-74.1315069148698,40.4513777363785]]}},{"type":"Feature","id":212611,"properties":{"OBJECTID":212611,"PRIMENAME":"Camp View Place","ELEVTYP_F":0,"ELEVTYP_T":0},"geometry":{"type":"LineString","coordinates":[[-74.127799033399,40.450660739017],[-74.1279077097512,40.4506977087657],[-74.1280634091965,40.4507505872567],[-74.1281754927154,40.4507891051026],[-74.128256410637,40.4508227465455],[-74.1283374089118,40.4508420311398],[-74.1284433174464,40.4508661997422],[-74.1285991655007,40.4508858066665]]}},{"type":"Feature","id":212614,"properties":{"OBJECTID":212614,"PRIMENAME":"Euclid Avenue","ELEVTYP_F":0,"ELEVTYP_T":0},"geometry":{"type":"LineString","coordinates":[[-74.1296207815383,40.4374200353142],[-74.129627788081,40.4373873357504],[-74.1297196236096,40.4369535985359]]}},{"type":"Feature","id":213262,"properties":{"OBJECTID":213262,"PRIMENAME":"Roland Street","ELEVTYP_F":0,"ELEVTYP_T":0},"geometry":{"type":"LineString","coordinates":[[-74.1378244759716,40.447256234813],[-74.1386338925847,40.4468332148231],[-74.1386810240467,40.4468085738969]]}},{"type":"Feature","id":214377,"properties":{"OBJECTID":214377,"PRIMENAME":"Central Avenue","ELEVTYP_F":0,"ELEVTYP_T":0},"geometry":{"type":"LineString","coordinates":[[-74.1442461969214,40.4400165431359],[-74.1442363337648,40.4401156947168],[-74.1442273477362,40.4402054247115],[-74.1442034141888,40.4404444354862]]}},{"type":"Feature","id":214542,"properties":{"OBJECTID":214542,"PRIMENAME":"Forest Avenue","ELEVTYP_F":0,"ELEVTYP_T":0},"geometry":{"type":"LineString","coordinates":[[-74.1261205892863,40.4441612634828],[-74.126201754281,40.4444536369902],[-74.1262444325813,40.4446301234414],[-74.1262490092116,40.4446860300102]]}},{"type":"Feature","id":215073,"properties":{"OBJECTID":215073,"PRIMENAME":"Linden Avenue","ELEVTYP_F":0,"ELEVTYP_T":0},"geometry":{"type":"LineString","coordinates":[[-74.1166942266195,40.4375153492995],[-74.1165753046689,40.4375158060486],[-74.1159078687832,40.4375183665957],[-74.1158222158099,40.4375186584022]]}},{"type":"Feature","id":216128,"properties":{"OBJECTID":216128,"PRIMENAME":"Saint James Place","ELEVTYP_F":0,"ELEVTYP_T":0},"geometry":{"type":"LineString","coordinates":[[-74.139085378231,40.4503738621998],[-74.1388514454166,40.4505327397841]]}},{"type":"Feature","id":216173,"properties":{"OBJECTID":216173,"PRIMENAME":"Forest Avenue","ELEVTYP_F":0,"ELEVTYP_T":0},"geometry":{"type":"LineString","coordinates":[[-74.1252785571101,40.4405039741711],[-74.1254014107671,40.4410907085362]]}},{"type":"Feature","id":216595,"properties":{"OBJECTID":216595,"PRIMENAME":"Seeley Avenue","ELEVTYP_F":0,"ELEVTYP_T":0},"geometry":{"type":"LineString","coordinates":[[-74.1414348955547,40.4485622937612],[-74.1410197448509,40.4486326267057],[-74.1400529490636,40.4487964427784]]}},{"type":"Feature","id":216623,"properties":{"OBJECTID":216623,"PRIMENAME":"8th Street","ELEVTYP_F":0,"ELEVTYP_T":0},"geometry":{"type":"LineString","coordinates":[[-74.146427479863,40.4425162438103],[-74.1466252679227,40.442517315997]]}},{"type":"Feature","id":217109,"properties":{"OBJECTID":217109,"PRIMENAME":"Smith Place","ELEVTYP_F":0,"ELEVTYP_T":0},"geometry":{"type":"LineString","coordinates":[[-74.115628051305,40.4357041536047],[-74.1157063301343,40.4356732841535],[-74.1165439991083,40.4353424743385],[-74.1165764732614,40.4353430215568],[-74.116679104918,40.4353447614864]]}},{"type":"Feature","id":217451,"properties":{"OBJECTID":217451,"PRIMENAME":"Locust Grove","ELEVTYP_F":0,"ELEVTYP_T":0},"geometry":{"type":"LineString","coordinates":[[-74.1462114752821,40.4388421978234],[-74.1461934780781,40.4387911981069],[-74.1461944774865,40.4387221978152],[-74.1462254755634,40.438519197699],[-74.1462744761975,40.4383071985274],[-74.1462862102259,40.4382127754128]]}},{"type":"Feature","id":217577,"properties":{"OBJECTID":217577,"PRIMENAME":"Unnamed Segment","ELEVTYP_F":0,"ELEVTYP_T":0},"geometry":{"type":"LineString","coordinates":[[-74.1291734699595,40.4397531990827],[-74.1293264717559,40.4395581989679]]}},{"type":"Feature","id":217646,"properties":{"OBJECTID":217646,"PRIMENAME":"Raritan Avenue","ELEVTYP_F":0,"ELEVTYP_T":0},"geometry":{"type":"LineString","coordinates":[[-74.1344728731993,40.4542396056222],[-74.1342006947553,40.4533246942023],[-74.1342087166012,40.4532933873449],[-74.1342580399111,40.4531008990707],[-74.1342727240386,40.4530437361986],[-74.1342738995753,40.4530389359227]]}},{"type":"Feature","id":218524,"properties":{"OBJECTID":218524,"PRIMENAME":"Willis Place","ELEVTYP_F":0,"ELEVTYP_T":0},"geometry":{"type":"LineString","coordinates":[[-74.1299834022728,40.4414293649328],[-74.1298799642817,40.4414486623243],[-74.128899631796,40.4416313932723],[-74.1283624428616,40.4417631097699],[-74.1282374085069,40.4418151402046]]}},{"type":"Feature","id":218583,"properties":{"OBJECTID":218583,"PRIMENAME":"Washington Avenue","ELEVTYP_F":0,"ELEVTYP_T":0},"geometry":{"type":"LineString","coordinates":[[-74.1334460914275,40.44799221701],[-74.1333685633163,40.4480224153962],[-74.1326129030934,40.4481725086367],[-74.1325562120301,40.4481837755549]]}},{"type":"Feature","id":219192,"properties":{"OBJECTID":219192,"PRIMENAME":"Forest Avenue","ELEVTYP_F":0,"ELEVTYP_T":0},"geometry":{"type":"LineString","coordinates":[[-74.126360912964,40.4460851548196],[-74.1263732426422,40.4461556353251],[-74.1265829086999,40.4465899633798],[-74.1267925345668,40.447038648855],[-74.1268788567175,40.4472248010277],[-74.1269344451369,40.4473155431137],[-74.1269964373905,40.447392003715],[-74.1270078252541,40.4474058994648],[-74.1270708197743,40.4474827784529],[-74.1271514436018,40.4475688242122],[-74.1272259578811,40.4476357990344],[-74.1272864262692,40.4476824146508]]}},{"type":"Feature","id":219226,"properties":{"OBJECTID":219226,"PRIMENAME":"Bay Avenue","ELEVTYP_F":0,"ELEVTYP_T":0},"geometry":{"type":"LineString","coordinates":[[-74.1176427571773,40.4404807008379],[-74.1176387275674,40.4402787815404],[-74.1176298523585,40.4396448964926],[-74.117619671778,40.4392349850158]]}},{"type":"Feature","id":219243,"properties":{"OBJECTID":219243,"PRIMENAME":"Davern Avenue","ELEVTYP_F":0,"ELEVTYP_T":0},"geometry":{"type":"LineString","coordinates":[[-74.1433078352947,40.4399511717239],[-74.1433143802609,40.4398888497082],[-74.1433290047259,40.4397495164875],[-74.1434128971426,40.4389502836511],[-74.1434148541779,40.4389334891707],[-74.1434733385415,40.4384318695931],[-74.1435239893913,40.4379974269651],[-74.1435436636348,40.4378163898414],[-74.1435559024959,40.4377031902332]]}},{"type":"Feature","id":219294,"properties":{"OBJECTID":219294,"PRIMENAME":"8th Street","ELEVTYP_F":0,"ELEVTYP_T":0},"geometry":{"type":"LineString","coordinates":[[-74.1446512950595,40.4425066530575],[-74.1455774445257,40.4425116576901],[-74.146427479863,40.4425162438103]]}},{"type":"Feature","id":219635,"properties":{"OBJECTID":219635,"PRIMENAME":"Creek Road","ELEVTYP_F":0,"ELEVTYP_T":0},"geometry":{"type":"LineString","coordinates":[[-74.1373206899212,40.4457810871481],[-74.1372425062854,40.4457136407574],[-74.13710751464,40.4452985895971],[-74.1369911076889,40.4449026478025],[-74.1369440899275,40.4447191789267]]}},{"type":"Feature","id":219690,"properties":{"OBJECTID":219690,"PRIMENAME":"Sunset Place","ELEVTYP_F":0,"ELEVTYP_T":0},"geometry":{"type":"LineString","coordinates":[[-74.1186898784168,40.4370322688274],[-74.1186862308382,40.4364886609565],[-74.1186858335724,40.4364319175995]]}},{"type":"Feature","id":220027,"properties":{"OBJECTID":220027,"PRIMENAME":"Highland Avenue","ELEVTYP_F":0,"ELEVTYP_T":0},"geometry":{"type":"LineString","coordinates":[[-74.1366691966385,40.4544915342748],[-74.1368367809694,40.4550296695824],[-74.136867937988,40.455129718268]]}},{"type":"Feature","id":220189,"properties":{"OBJECTID":220189,"PRIMENAME":"Beechwood Avenue","ELEVTYP_F":0,"ELEVTYP_T":0},"geometry":{"type":"LineString","coordinates":[[-74.1289694407159,40.446251813717],[-74.1290043483449,40.4464119411042],[-74.1290594587058,40.4467024051009]]}},{"type":"Feature","id":221034,"properties":{"OBJECTID":221034,"PRIMENAME":"11th Street","ELEVTYP_F":0,"ELEVTYP_T":0},"geometry":{"type":"LineString","coordinates":[[-74.1393790187061,40.4405269667159],[-74.1395689678714,40.44042055332],[-74.1397378580537,40.4403352939307],[-74.1398253919565,40.4402926602565],[-74.1399316565827,40.4402548330225],[-74.1400689927986,40.4402314604135],[-74.1402000627738,40.4402175662735],[-74.140300317303,40.4402083521958]]}},{"type":"Feature","id":221524,"properties":{"OBJECTID":221524,"PRIMENAME":"Holmes Place","ELEVTYP_F":0,"ELEVTYP_T":0},"geometry":{"type":"LineString","coordinates":[[-74.1208669700208,40.438941022972],[-74.1199346933765,40.4389246206598],[-74.1198505718017,40.4389205830085],[-74.1198422412387,40.4389185634026]]}},{"type":"Feature","id":222036,"properties":{"OBJECTID":222036,"PRIMENAME":"Ocean Avenue","ELEVTYP_F":0,"ELEVTYP_T":0},"geometry":{"type":"LineString","coordinates":[[-74.1167443976382,40.441947424188],[-74.1165842276975,40.4422439738964],[-74.1163997259749,40.4425033822845]]}},{"type":"Feature","id":222547,"properties":{"OBJECTID":222547,"PRIMENAME":"Atlantic Avenue","ELEVTYP_F":0,"ELEVTYP_T":0},"geometry":{"type":"LineString","coordinates":[[-74.1186784868176,40.4434043845373],[-74.1186370959162,40.4435377171087],[-74.1184829717091,40.4440747091321]]}},{"type":"Feature","id":223933,"properties":{"OBJECTID":223933,"PRIMENAME":"Beachway Avenue","ELEVTYP_F":0,"ELEVTYP_T":0},"geometry":{"type":"LineString","coordinates":[[-74.1357362617329,40.4553350359696],[-74.1355935382267,40.4553450722446],[-74.1354563648744,40.4553255615638],[-74.1348269311668,40.4551996590572],[-74.1347544127248,40.4551859789463]]}},{"type":"Feature","id":224011,"properties":{"OBJECTID":224011,"PRIMENAME":"Highland Boulevard","ELEVTYP_F":0,"ELEVTYP_T":0},"geometry":{"type":"LineString","coordinates":[[-74.1405015896217,40.4502709128351],[-74.1411131623963,40.4498434442983],[-74.1418333024878,40.4493309627303],[-74.1421532777259,40.4491032548612]]}},{"type":"Feature","id":224191,"properties":{"OBJECTID":224191,"PRIMENAME":"Jahn Street","ELEVTYP_F":0,"ELEVTYP_T":0},"geometry":{"type":"LineString","coordinates":[[-74.1372885613132,40.4514903175593],[-74.1371614074424,40.451513471977],[-74.1364944143264,40.4516349348787]]}},{"type":"Feature","id":224615,"properties":{"OBJECTID":224615,"PRIMENAME":"Manning Place","ELEVTYP_F":0,"ELEVTYP_T":0},"geometry":{"type":"LineString","coordinates":[[-74.1295531025133,40.4435190234838],[-74.129681523453,40.4435116660267],[-74.1303664609798,40.4433813238016],[-74.1305682053516,40.4433429305313],[-74.1318169818984,40.4431229104664],[-74.1319222600249,40.4431026850482]]}},{"type":"Feature","id":225150,"properties":{"OBJECTID":225150,"PRIMENAME":"10th Street","ELEVTYP_F":0,"ELEVTYP_T":0},"geometry":{"type":"LineString","coordinates":[[-74.1391981009991,40.4413968629806],[-74.1389711518499,40.4414004640118],[-74.1378628951642,40.441420705195],[-74.1377123143873,40.4414234558841]]}},{"type":"Feature","id":225980,"properties":{"OBJECTID":225980,"PRIMENAME":"Braden Place","ELEVTYP_F":0,"ELEVTYP_T":0},"geometry":{"type":"LineString","coordinates":[[-74.1313552729104,40.4478854527179],[-74.1313726745343,40.4479493336685],[-74.1316051334339,40.4488031834437]]}},{"type":"Feature","id":226613,"properties":{"OBJECTID":226613,"PRIMENAME":"Compass Road","ELEVTYP_F":0,"ELEVTYP_T":0},"geometry":{"type":"LineString","coordinates":[[-74.1444114780593,40.4368251971756],[-74.1445194759134,40.4364891982018],[-74.1445364755244,40.436407197734]]}},{"type":"Feature","id":227482,"properties":{"OBJECTID":227482,"PRIMENAME":"Maple Avenue","ELEVTYP_F":0,"ELEVTYP_T":0},"geometry":{"type":"LineString","coordinates":[[-74.1295237950802,40.4481175479161],[-74.1296563347152,40.4481011171744],[-74.1303410701449,40.4480161865422],[-74.1304054345823,40.4480082028482],[-74.1312044945683,40.4479059179193],[-74.1313552729104,40.4478854527179]]}},{"type":"Feature","id":227593,"properties":{"OBJECTID":227593,"PRIMENAME":"Atlantic Avenue","ELEVTYP_F":0,"ELEVTYP_T":0},"geometry":{"type":"LineString","coordinates":[[-74.1189901548556,40.442372083365],[-74.118967632889,40.4424474186454],[-74.1187641955173,40.4431282587862],[-74.1187333459084,40.4432275856562]]}},{"type":"Feature","id":228513,"properties":{"OBJECTID":228513,"PRIMENAME":"Park Avenue","ELEVTYP_F":0,"ELEVTYP_T":0},"geometry":{"type":"LineString","coordinates":[[-74.1199323764028,40.4454732506038],[-74.1190493694417,40.4453566395979]]}},{"type":"Feature","id":229149,"properties":{"OBJECTID":229149,"PRIMENAME":"Saint Marks Place","ELEVTYP_F":0,"ELEVTYP_T":0},"geometry":{"type":"LineString","coordinates":[[-74.138124117368,40.450157009809],[-74.1375116941305,40.4505827044747]]}},{"type":"Feature","id":229235,"properties":{"OBJECTID":229235,"PRIMENAME":"Shadyside Avenue","ELEVTYP_F":0,"ELEVTYP_T":0},"geometry":{"type":"LineString","coordinates":[[-74.1248181050478,40.4437782958322],[-74.1245338882384,40.4431852712656],[-74.1245148498361,40.4431455426364]]}},{"type":"Feature","id":229678,"properties":{"OBJECTID":229678,"PRIMENAME":"10th Street","ELEVTYP_F":0,"ELEVTYP_T":0},"geometry":{"type":"LineString","coordinates":[[-74.1377123143873,40.4414234558841],[-74.135184467988,40.4414695861594],[-74.1347521602918,40.4414720488359]]}},{"type":"Feature","id":229704,"properties":{"OBJECTID":229704,"PRIMENAME":"Peri Place","ELEVTYP_F":0,"ELEVTYP_T":0},"geometry":{"type":"LineString","coordinates":[[-74.1477740679648,40.4435525660442],[-74.1477928785993,40.443496065979],[-74.1478003380335,40.4432578095557],[-74.1477943711065,40.4432101079862],[-74.14773853039,40.4432092533613]]}},{"type":"Feature","id":229966,"properties":{"OBJECTID":229966,"PRIMENAME":"Raritan Avenue","ELEVTYP_F":0,"ELEVTYP_T":0},"geometry":{"type":"LineString","coordinates":[[-74.1330990897263,40.449808898216],[-74.1332624574795,40.4503287707006],[-74.1334321594416,40.4508871228907]]}},{"type":"Feature","id":230020,"properties":{"OBJECTID":230020,"PRIMENAME":"Bayshore Mobile Manor","ELEVTYP_F":0,"ELEVTYP_T":0},"geometry":{"type":"LineString","coordinates":[[-74.1475119885988,40.4395104032786],[-74.1475197791736,40.4396491668361],[-74.1475346220846,40.4398349129976]]}},{"type":"Feature","id":230583,"properties":{"OBJECTID":230583,"PRIMENAME":"Carr Avenue","ELEVTYP_F":0,"ELEVTYP_T":0},"geometry":{"type":"LineString","coordinates":[[-74.1336471963906,40.4486361247321],[-74.1334460914275,40.44799221701]]}},{"type":"Feature","id":230700,"properties":{"OBJECTID":230700,"PRIMENAME":"Raritan Avenue","ELEVTYP_F":0,"ELEVTYP_T":0},"geometry":{"type":"LineString","coordinates":[[-74.1347544127248,40.4551859789463],[-74.1347215188102,40.4550754371996],[-74.1344728731993,40.4542396056222]]}},{"type":"Feature","id":230802,"properties":{"OBJECTID":230802,"PRIMENAME":"Highland Avenue","ELEVTYP_F":0,"ELEVTYP_T":0},"geometry":{"type":"LineString","coordinates":[[-74.1362876810883,40.4532611684807],[-74.1363584960171,40.4534840222992],[-74.1364788204818,40.4538752274206]]}},{"type":"Feature","id":231254,"properties":{"OBJECTID":231254,"PRIMENAME":"Loshen Place","ELEVTYP_F":0,"ELEVTYP_T":0},"geometry":{"type":"LineString","coordinates":[[-74.1328713762511,40.4368446704483],[-74.1328991109459,40.4368449233366],[-74.1329926371999,40.4368499693492]]}},{"type":"Feature","id":232048,"properties":{"OBJECTID":232048,"PRIMENAME":"Woodside Avenue","ELEVTYP_F":0,"ELEVTYP_T":0},"geometry":{"type":"LineString","coordinates":[[-74.1255130216756,40.4454033143682],[-74.1258339700167,40.4460919326915],[-74.1258642161178,40.4461582715662]]}},{"type":"Feature","id":232841,"properties":{"OBJECTID":232841,"PRIMENAME":"Highland Avenue","ELEVTYP_F":0,"ELEVTYP_T":0},"geometry":{"type":"LineString","coordinates":[[-74.1364788204818,40.4538752274206],[-74.1365976278826,40.4542615957089],[-74.1366691966385,40.4544915342748]]}},{"type":"Feature","id":232844,"properties":{"OBJECTID":232844,"PRIMENAME":"Saint James Place","ELEVTYP_F":0,"ELEVTYP_T":0},"geometry":{"type":"LineString","coordinates":[[-74.1387122826371,40.4506272545889],[-74.1384190696244,40.4508263485754]]}},{"type":"Feature","id":233828,"properties":{"OBJECTID":233828,"PRIMENAME":"Howard Avenue","ELEVTYP_F":0,"ELEVTYP_T":0},"geometry":{"type":"LineString","coordinates":[[-74.1382933957531,40.4477788694138],[-74.1386764673049,40.4481963968941],[-74.1387128341322,40.4482360134096]]}},{"type":"Feature","id":234294,"properties":{"OBJECTID":234294,"PRIMENAME":"Taylor Avenue","ELEVTYP_F":0,"ELEVTYP_T":0},"geometry":{"type":"LineString","coordinates":[[-74.1166902417386,40.4370466284205],[-74.1167897993455,40.4370459155302],[-74.1178305944962,40.4370384954927],[-74.1186014583842,40.4370329921784],[-74.1186898784168,40.4370322688274]]}},{"type":"Feature","id":234427,"properties":{"OBJECTID":234427,"PRIMENAME":"Main Street","ELEVTYP_F":0,"ELEVTYP_T":0},"geometry":{"type":"LineString","coordinates":[[-74.1309640592048,40.4368234175382],[-74.1309322073128,40.4369848400508],[-74.1308417339203,40.4374002500811]]}},{"type":"Feature","id":234497,"properties":{"OBJECTID":234497,"PRIMENAME":"Pinewood Avenue","ELEVTYP_F":0,"ELEVTYP_T":0},"geometry":{"type":"LineString","coordinates":[[-74.1400905181445,40.4387149131063],[-74.1401176661528,40.4389232721439],[-74.1401794990155,40.439397799517],[-74.1402639843323,40.4399270534656],[-74.140300317303,40.4402083521958]]}},{"type":"Feature","id":234518,"properties":{"OBJECTID":234518,"PRIMENAME":"Laurel Avenue","ELEVTYP_F":0,"ELEVTYP_T":0},"geometry":{"type":"LineString","coordinates":[[-74.1416477159296,40.4424482157542],[-74.1417018585587,40.4428482426287],[-74.1417425584243,40.4431410563568]]}},{"type":"Feature","id":234533,"properties":{"OBJECTID":234533,"PRIMENAME":"Lawrence Avenue","ELEVTYP_F":0,"ELEVTYP_T":0},"geometry":{"type":"LineString","coordinates":[[-74.1278157392699,40.4458802010126],[-74.1277189757421,40.4458930657678],[-74.1272261369422,40.4459586615601],[-74.1268450107338,40.446009387923],[-74.1267576320034,40.4460230630183],[-74.126360912964,40.4460851548196]]}},{"type":"Feature","id":234955,"properties":{"OBJECTID":234955,"PRIMENAME":"Terrace Place","ELEVTYP_F":0,"ELEVTYP_T":0},"geometry":{"type":"LineString","coordinates":[[-74.1337217411774,40.4453098458018],[-74.1327647592672,40.4454850522292],[-74.1326719274343,40.445502051338]]}},{"type":"Feature","id":235518,"properties":{"OBJECTID":235518,"PRIMENAME":"Carr Avenue","ELEVTYP_F":0,"ELEVTYP_T":0},"geometry":{"type":"LineString","coordinates":[[-74.1321655732787,40.4438817916979],[-74.1320064011126,40.4433742286799],[-74.1319222600249,40.4431026850482]]}},{"type":"Feature","id":235938,"properties":{"OBJECTID":235938,"PRIMENAME":"Pinewood Avenue","ELEVTYP_F":0,"ELEVTYP_T":0},"geometry":{"type":"LineString","coordinates":[[-74.1399626752524,40.437733507634],[-74.1399757926468,40.4378339382062],[-74.1400905181445,40.4387149131063]]}},{"type":"Feature","id":236358,"properties":{"OBJECTID":236358,"PRIMENAME":"Highland Avenue","ELEVTYP_F":0,"ELEVTYP_T":0},"geometry":{"type":"LineString","coordinates":[[-74.1360928078272,40.4526473171647],[-74.1361130895987,40.4527111776024],[-74.1362876810883,40.4532611684807]]}},{"type":"Feature","id":236557,"properties":{"OBJECTID":236557,"PRIMENAME":"Lancaster Avenue","ELEVTYP_F":0,"ELEVTYP_T":0},"geometry":{"type":"LineString","coordinates":[[-74.1297175085705,40.4427094011298],[-74.1297156415501,40.4427091483749],[-74.129617370385,40.4426964804178],[-74.1290501136151,40.4426231779711],[-74.1289128892555,40.4426179885037],[-74.1288068624074,40.4426176481132],[-74.1284386007407,40.4426593435592],[-74.1283616503606,40.4426703244644]]}},{"type":"Feature","id":237031,"properties":{"OBJECTID":237031,"PRIMENAME":"Frederick Place","ELEVTYP_F":0,"ELEVTYP_T":0},"geometry":{"type":"LineString","coordinates":[[-74.1329519298533,40.4381122539415],[-74.1319556691132,40.4382812076539]]}},{"type":"Feature","id":237225,"properties":{"OBJECTID":237225,"PRIMENAME":"Twilight Avenue","ELEVTYP_F":0,"ELEVTYP_T":0},"geometry":{"type":"LineString","coordinates":[[-74.1261103219651,40.448355048399],[-74.1259906976792,40.4481027667467]]}},{"type":"Feature","id":237638,"properties":{"OBJECTID":237638,"PRIMENAME":"Seabreeze Way","ELEVTYP_F":0,"ELEVTYP_T":0},"geometry":{"type":"LineString","coordinates":[[-74.1402548120192,40.4513456110073],[-74.1401752767534,40.4514084746929],[-74.1399621155101,40.4516032653945],[-74.1393915370494,40.4521352528777],[-74.1388395442539,40.4526450327161],[-74.1387332203132,40.4527432238249],[-74.1386728366504,40.4527990907214]]}},{"type":"Feature","id":237837,"properties":{"OBJECTID":237837,"PRIMENAME":"Brookside Avenue","ELEVTYP_F":0,"ELEVTYP_T":0},"geometry":{"type":"LineString","coordinates":[[-74.1325562120301,40.4481837755549],[-74.1325876028223,40.4482391627444],[-74.1324896537779,40.4490299755695],[-74.1324567088694,40.4493587123332],[-74.132450249406,40.4494230107892]]}},{"type":"Feature","id":237895,"properties":{"OBJECTID":237895,"PRIMENAME":"North Shore Street","ELEVTYP_F":0,"ELEVTYP_T":0},"geometry":{"type":"LineString","coordinates":[[-74.1366371114062,40.4509478067495],[-74.1372885613132,40.4514903175593]]}},{"type":"Feature","id":238780,"properties":{"OBJECTID":238780,"PRIMENAME":"Manning Place","ELEVTYP_F":0,"ELEVTYP_T":0},"geometry":{"type":"LineString","coordinates":[[-74.1329628742794,40.4429042245751],[-74.1339212395043,40.4427387935889],[-74.1340140179471,40.4427176206384]]}},{"type":"Feature","id":238942,"properties":{"OBJECTID":238942,"PRIMENAME":"Garfield Avenue","ELEVTYP_F":0,"ELEVTYP_T":0},"geometry":{"type":"LineString","coordinates":[[-74.1357511762321,40.4482535116127],[-74.1364185316624,40.4481321359876]]}},{"type":"Feature","id":240092,"properties":{"OBJECTID":240092,"PRIMENAME":"Leola Avenue","ELEVTYP_F":0,"ELEVTYP_T":0},"geometry":{"type":"LineString","coordinates":[[-74.1277853737359,40.44378978177],[-74.128039704519,40.443735148096],[-74.1282332901098,40.4436976404974],[-74.1285205143636,40.4436461592983],[-74.1286109070223,40.4436282766574]]}},{"type":"Feature","id":240174,"properties":{"OBJECTID":240174,"PRIMENAME":"Laurel Avenue","ELEVTYP_F":0,"ELEVTYP_T":0},"geometry":{"type":"LineString","coordinates":[[-74.1411171694,40.4386386053293],[-74.1411574590368,40.4389265043116],[-74.1411791614173,40.439081590522],[-74.1413233990227,40.4401185804896]]}},{"type":"Feature","id":240485,"properties":{"OBJECTID":240485,"PRIMENAME":"Beachway Avenue","ELEVTYP_F":0,"ELEVTYP_T":0},"geometry":{"type":"LineString","coordinates":[[-74.1408626768102,40.4518464592847],[-74.1405834047182,40.452086532368],[-74.1400316009019,40.452609056206],[-74.1399873030569,40.4526486129159],[-74.1396805620582,40.4529225288096],[-74.1393451648388,40.4532338524752]]}},{"type":"Feature","id":240818,"properties":{"OBJECTID":240818,"PRIMENAME":"Van Brunt Place","ELEVTYP_F":0,"ELEVTYP_T":0},"geometry":{"type":"LineString","coordinates":[[-74.1270731961576,40.4407592838445],[-74.1268894939342,40.4403038741571]]}},{"type":"Feature","id":242210,"properties":{"OBJECTID":242210,"PRIMENAME":"Creek Road","ELEVTYP_F":0,"ELEVTYP_T":0},"geometry":{"type":"LineString","coordinates":[[-74.1369440899275,40.4447191789267],[-74.1369300134398,40.4446641768971],[-74.1368867944053,40.444582977443],[-74.1368309941995,40.4445161495551],[-74.1366385915637,40.4443344203824],[-74.1362536716073,40.4439995919818],[-74.1358253891134,40.4435978902199],[-74.1356368059697,40.4434435390766]]}},{"type":"Feature","id":242848,"properties":{"OBJECTID":242848,"PRIMENAME":"Lawrence Avenue","ELEVTYP_F":0,"ELEVTYP_T":0},"geometry":{"type":"LineString","coordinates":[[-74.1249562533181,40.4466883266705],[-74.1248317654629,40.4468273765141],[-74.1244324879508,40.4472530604536]]}},{"type":"Feature","id":243228,"properties":{"OBJECTID":243228,"PRIMENAME":"Francis Place","ELEVTYP_F":0,"ELEVTYP_T":0},"geometry":{"type":"LineString","coordinates":[[-74.1342716949184,40.4435155449076],[-74.1351999769111,40.4433463020432]]}},{"type":"Feature","id":243382,"properties":{"OBJECTID":243382,"PRIMENAME":"South Park Avenue","ELEVTYP_F":0,"ELEVTYP_T":0},"geometry":{"type":"LineString","coordinates":[[-74.1466217341308,40.4431921453475],[-74.1466211096724,40.4433113924411],[-74.1466203361321,40.4434591073488],[-74.1466387559166,40.4435163721897]]}},{"type":"Feature","id":243670,"properties":{"OBJECTID":243670,"PRIMENAME":"Neptune Place","ELEVTYP_F":0,"ELEVTYP_T":0},"geometry":{"type":"LineString","coordinates":[[-74.1186356662891,40.4404717642772],[-74.1194840161041,40.4404659397122],[-74.1195578885075,40.440465469533]]}},{"type":"Feature","id":244083,"properties":{"OBJECTID":244083,"PRIMENAME":"Park Avenue","ELEVTYP_F":0,"ELEVTYP_T":0},"geometry":{"type":"LineString","coordinates":[[-74.1181355605829,40.4452359401899],[-74.117763468517,40.4451812009112],[-74.1174543909245,40.445151251874]]}},{"type":"Feature","id":245862,"properties":{"OBJECTID":245862,"PRIMENAME":"Shore Boulevard","ELEVTYP_F":0,"ELEVTYP_T":0},"geometry":{"type":"LineString","coordinates":[[-74.1252179243008,40.4493576235067],[-74.1250428667656,40.4492586702528],[-74.1235065928644,40.4484291718297],[-74.1233931018635,40.4483673111594]]}},{"type":"Feature","id":247258,"properties":{"OBJECTID":247258,"PRIMENAME":"Dalby Place","ELEVTYP_F":0,"ELEVTYP_T":0},"geometry":{"type":"LineString","coordinates":[[-74.1199901854781,40.4408126085206],[-74.1198053288554,40.440803882376]]}},{"type":"Feature","id":248369,"properties":{"OBJECTID":248369,"PRIMENAME":"Seeley Avenue","ELEVTYP_F":0,"ELEVTYP_T":0},"geometry":{"type":"LineString","coordinates":[[-74.1339519733955,40.4496112057763],[-74.1337589592443,40.4496536115634],[-74.1334529911927,40.449705019248],[-74.1330840780533,40.4497610573679]]}},{"type":"Feature","id":248517,"properties":{"OBJECTID":248517,"PRIMENAME":"Lawrence Avenue","ELEVTYP_F":0,"ELEVTYP_T":0},"geometry":{"type":"LineString","coordinates":[[-74.1298456346244,40.4452705148295],[-74.1297466378514,40.4452847746256],[-74.1288049191662,40.4454203564813]]}},{"type":"Feature","id":248937,"properties":{"OBJECTID":248937,"PRIMENAME":"Williams Avenue","ELEVTYP_F":0,"ELEVTYP_T":0},"geometry":{"type":"LineString","coordinates":[[-74.1269732489803,40.4397373808003],[-74.1253598594259,40.4404661073488],[-74.125327338038,40.4404812542633],[-74.1252785571101,40.4405039741711]]}},{"type":"Feature","id":250014,"properties":{"OBJECTID":250014,"PRIMENAME":"Alberta Avenue","ELEVTYP_F":0,"ELEVTYP_T":0},"geometry":{"type":"LineString","coordinates":[[-74.1186858335724,40.4364319175995],[-74.1175011001797,40.4364280039037],[-74.1167833627795,40.4364332040696],[-74.1166854940956,40.4364338946357]]}},{"type":"Feature","id":250696,"properties":{"OBJECTID":250696,"PRIMENAME":"Forest Avenue","ELEVTYP_F":0,"ELEVTYP_T":0},"geometry":{"type":"LineString","coordinates":[[-74.1254707185188,40.4414217816297],[-74.1254943398686,40.4415346261557],[-74.1254953460811,40.4415438447447],[-74.125516735428,40.4417396515183]]}},{"type":"Feature","id":250971,"properties":{"OBJECTID":250971,"PRIMENAME":"Birchwood Avenue","ELEVTYP_F":0,"ELEVTYP_T":0},"geometry":{"type":"LineString","coordinates":[[-74.1233586718496,40.4457935956473],[-74.1233776494248,40.4458313482521],[-74.1234522445754,40.4458697206379],[-74.1246214739041,40.4465073782953],[-74.1249562533181,40.4466883266705]]}},{"type":"Feature","id":251128,"properties":{"OBJECTID":251128,"PRIMENAME":"10th Street","ELEVTYP_F":0,"ELEVTYP_T":0},"geometry":{"type":"LineString","coordinates":[[-74.1404678095659,40.4413764960852],[-74.1402313007793,40.4413805093713],[-74.1396586998063,40.4413895904033],[-74.1395208813366,40.4413917752967]]}},{"type":"Feature","id":251676,"properties":{"OBJECTID":251676,"PRIMENAME":"10th Street","ELEVTYP_F":0,"ELEVTYP_T":0},"geometry":{"type":"LineString","coordinates":[[-74.1347521602918,40.4414720488359],[-74.134570594802,40.4414730826897],[-74.1345130361572,40.4414797906156]]}},{"type":"Feature","id":252090,"properties":{"OBJECTID":252090,"PRIMENAME":"Morningside Avenue","ELEVTYP_F":0,"ELEVTYP_T":0},"geometry":{"type":"LineString","coordinates":[[-74.1208168896588,40.4395734509352],[-74.1208650359467,40.4389655311075],[-74.1208669700208,40.438941022972]]}},{"type":"Feature","id":252238,"properties":{"OBJECTID":252238,"PRIMENAME":"Beech Street","ELEVTYP_F":0,"ELEVTYP_T":0},"geometry":{"type":"LineString","coordinates":[[-74.1301335936623,40.4407006239447],[-74.1302209478469,40.4406919816662],[-74.1303812779687,40.4406761198827],[-74.1305206510985,40.440662331717]]}},{"type":"Feature","id":252977,"properties":{"OBJECTID":252977,"PRIMENAME":"Unnamed Segment","ELEVTYP_F":0,"ELEVTYP_T":0},"geometry":{"type":"LineString","coordinates":[[-74.1228637454601,40.4398023671886],[-74.122866184341,40.4397966650975],[-74.122870510803,40.4397883609153],[-74.1228755087806,40.4397803345189],[-74.122881229125,40.4397725563529],[-74.1228876302635,40.4397650830219],[-74.1230245079343,40.4395995030577],[-74.1231973119943,40.4393948658586],[-74.1233748540463,40.4391861270098]]}},{"type":"Feature","id":253341,"properties":{"OBJECTID":253341,"PRIMENAME":"Port Monmouth Road","ELEVTYP_F":0,"ELEVTYP_T":0},"geometry":{"type":"LineString","coordinates":[[-74.1176173413634,40.4421128557133],[-74.1169084818737,40.4419802514118],[-74.1167443976382,40.441947424188]]}},{"type":"Feature","id":253596,"properties":{"OBJECTID":253596,"PRIMENAME":"Beachway Avenue","ELEVTYP_F":0,"ELEVTYP_T":0},"geometry":{"type":"LineString","coordinates":[[-74.1307210365031,40.4532593863594],[-74.130313662885,40.4530179169764],[-74.1300854949792,40.4528826698076],[-74.1300233121556,40.4528460697827]]}},{"type":"Feature","id":253752,"properties":{"OBJECTID":253752,"PRIMENAME":"Twilight Avenue","ELEVTYP_F":0,"ELEVTYP_T":0},"geometry":{"type":"LineString","coordinates":[[-74.1253988321413,40.4469274920884],[-74.1251635026299,40.4464568974048]]}},{"type":"Feature","id":253803,"properties":{"OBJECTID":253803,"PRIMENAME":"Park Avenue","ELEVTYP_F":0,"ELEVTYP_T":0},"geometry":{"type":"LineString","coordinates":[[-74.1296379924524,40.4442220811998],[-74.1295402942542,40.4442356307781],[-74.1286105908924,40.4443646893506]]}},{"type":"Feature","id":254784,"properties":{"OBJECTID":254784,"PRIMENAME":"Unnamed Segment","ELEVTYP_F":0,"ELEVTYP_T":0},"geometry":{"type":"LineString","coordinates":[[-74.1240748351677,40.4406771280877],[-74.1239524157446,40.440678294351],[-74.1238583968385,40.4406779065267],[-74.1238057403166,40.4406750999214],[-74.1237531977573,40.4406713047622],[-74.1237007678233,40.4406665498654],[-74.1233952355001,40.4406266014457],[-74.123014960361,40.4405824006706],[-74.122863808198,40.4405690861872],[-74.1227207575406,40.4405593968961],[-74.1226268195841,40.4405555255664],[-74.1225974519783,40.4405523242974],[-74.1225681916106,40.4405484965267],[-74.1225390784434,40.4405440630998],[-74.1225101434169,40.4405389718806],[-74.1224959744509,40.4405356319796],[-74.1224820557938,40.4405317975433],[-74.1224683557609,40.4405274432503],[-74.1224549450872,40.4405225675305],[-74.1224418966941,40.4405171994426],[-74.1224291750681,40.4405113658898],[-74.1224168462193,40.4405050670878],[-74.1224049561238,40.4404983022863],[-74.12239494325,40.4404905835348],[-74.1223854274521,40.4404825088527],[-74.1223764961082,40.4404740515064],[-74.1223681381412,40.4404652952191],[-74.1223603562256,40.4404561832596],[-74.1223540114583,40.440447240811],[-74.1223484227773,40.4404379991182],[-74.1223436252425,40.440428512334],[-74.1223395831787,40.4404188361816],[-74.1223363331268,40.4404089707805],[-74.1223339101462,40.4403989702835],[-74.1223323140804,40.44038886261],[-74.1223315080755,40.4403787034792],[-74.1223323581938,40.4402590177339],[-74.1223442008156,40.4400631865041],[-74.1223467191756,40.4400489781551],[-74.1223500669271,40.4400348508708],[-74.1223542779155,40.4400208651046],[-74.1223593131007,40.4400070459467],[-74.1223651381427,40.4399934212047],[-74.1223718236091,40.4399800190286],[-74.1223792987752,40.4399668391874],[-74.1223875266363,40.4399539644187],[-74.1223965427354,40.4399413624155],[-74.1224096428796,40.4399246082986],[-74.1224236025614,40.4399082343547],[-74.1224383872093,40.4398923098201],[-74.1224539591689,40.4398768228631],[-74.1224703546483,40.4398618330436],[-74.1224773183676,40.439856420432],[-74.1224848196437,40.439851421167],[-74.122492749877,40.4398468628138],[-74.1225010725318,40.4398427443524],[-74.1225097874471,40.4398390946025],[-74.1225188591148,40.4398359395666],[-74.1225281435683,40.4398333075951],[-74.122537711542,40.4398311971174],[-74.1225474214269,40.4398296364917],[-74.1226314667111,40.4398216204907],[-74.1227422889376,40.439811852709],[-74.1228637454601,40.4398023671886]]}},{"type":"Feature","id":254800,"properties":{"OBJECTID":254800,"PRIMENAME":"Harding Avenue","ELEVTYP_F":0,"ELEVTYP_T":0},"geometry":{"type":"LineString","coordinates":[[-74.1283616503606,40.4426703244644],[-74.1282537382852,40.4422488985999],[-74.1281683640731,40.4418911508653],[-74.1281520448199,40.4418274106501]]}},{"type":"Feature","id":255094,"properties":{"OBJECTID":255094,"PRIMENAME":"Beacon Light Avenue","ELEVTYP_F":0,"ELEVTYP_T":0},"geometry":{"type":"LineString","coordinates":[[-74.1228225700741,40.4463659680608],[-74.1223031970002,40.4469328473539]]}},{"type":"Feature","id":255294,"properties":{"OBJECTID":255294,"PRIMENAME":"Lorraine Place","ELEVTYP_F":0,"ELEVTYP_T":0},"geometry":{"type":"LineString","coordinates":[[-74.1306751949164,40.436110515632],[-74.1304064588846,40.4360778831698],[-74.1303772703521,40.4360743395043],[-74.1299181622934,40.4360158810047]]}},{"type":"Feature","id":255402,"properties":{"OBJECTID":255402,"PRIMENAME":"Seawood Avenue","ELEVTYP_F":0,"ELEVTYP_T":0},"geometry":{"type":"LineString","coordinates":[[-74.1288147713004,40.4476724995182],[-74.1288290864344,40.4476504555521],[-74.1287422628017,40.4476175682764],[-74.1284991566317,40.4475254797747],[-74.1282439177349,40.4474293754313],[-74.1280821149438,40.4473573714075],[-74.128044495172,40.4473375399231]]}},{"type":"Feature","id":255489,"properties":{"OBJECTID":255489,"PRIMENAME":"Wood Street","ELEVTYP_F":0,"ELEVTYP_T":0},"geometry":{"type":"LineString","coordinates":[[-74.1331888259654,40.4398461300278],[-74.1330948615837,40.4398480555245],[-74.1323712583975,40.4398552548688],[-74.1317848877371,40.4398582197511],[-74.1315666063893,40.4398479442126],[-74.131417008685,40.4398331652153],[-74.1312424574166,40.4398087803778],[-74.1312204584098,40.4398040160763]]}},{"type":"Feature","id":256205,"properties":{"OBJECTID":256205,"PRIMENAME":"Central Avenue","ELEVTYP_F":0,"ELEVTYP_T":0},"geometry":{"type":"LineString","coordinates":[[-74.1444487230432,40.4378689741142],[-74.1444410970393,40.437952595707],[-74.1443947239108,40.4384624200728],[-74.1443743084964,40.4387912264676],[-74.1443585075648,40.4389363959696],[-74.1443022312743,40.4394534371848],[-74.1442461969214,40.4400165431359]]}},{"type":"Feature","id":256727,"properties":{"OBJECTID":256727,"PRIMENAME":"Sunset Street","ELEVTYP_F":0,"ELEVTYP_T":0},"geometry":{"type":"LineString","coordinates":[[-74.1190493694417,40.4453566395979],[-74.119063877306,40.445288195729],[-74.1193009800794,40.4441689835719],[-74.1194799356266,40.4434070802816],[-74.1194989683301,40.4433260513053]]}},{"type":"Feature","id":256791,"properties":{"OBJECTID":256791,"PRIMENAME":"Fox Avenue","ELEVTYP_F":0,"ELEVTYP_T":0},"geometry":{"type":"LineString","coordinates":[[-74.1327424329949,40.4516594218608],[-74.1325781427922,40.4511177215998],[-74.132556891977,40.4510476250422]]}},{"type":"Feature","id":256920,"properties":{"OBJECTID":256920,"PRIMENAME":"Moran Place","ELEVTYP_F":0,"ELEVTYP_T":0},"geometry":{"type":"LineString","coordinates":[[-74.130720892626,40.4379551539184],[-74.1308098650964,40.4379391860565],[-74.131097064219,40.4378876712727],[-74.1317401842785,40.4377658054753],[-74.1318513513201,40.4377446919081]]}},{"type":"Feature","id":257189,"properties":{"OBJECTID":257189,"PRIMENAME":"Laurel Avenue","ELEVTYP_F":0,"ELEVTYP_T":0},"geometry":{"type":"LineString","coordinates":[[-74.1410007406725,40.4377580107044],[-74.1410770166015,40.4383520793174],[-74.1411171694,40.4386386053293]]}},{"type":"Feature","id":257518,"properties":{"OBJECTID":257518,"PRIMENAME":"Bow Avenue","ELEVTYP_F":0,"ELEVTYP_T":0},"geometry":{"type":"LineString","coordinates":[[-74.1452124751448,40.4369691980512],[-74.1451884771042,40.4370771974984],[-74.1451484770303,40.4372021969215],[-74.1451344765259,40.4372321983678]]}},{"type":"Feature","id":257647,"properties":{"OBJECTID":257647,"PRIMENAME":"Unnamed Segment","ELEVTYP_F":0,"ELEVTYP_T":0},"geometry":{"type":"LineString","coordinates":[[-74.1240748351677,40.4406771280877],[-74.1240614874214,40.4406162798926],[-74.124037640143,40.4405178157166]]}},{"type":"Feature","id":258153,"properties":{"OBJECTID":258153,"PRIMENAME":"Beachway Avenue","ELEVTYP_F":0,"ELEVTYP_T":0},"geometry":{"type":"LineString","coordinates":[[-74.136867937988,40.455129718268],[-74.1359119481971,40.4553031971708],[-74.1357362617329,40.4553350359696]]}},{"type":"Feature","id":259426,"properties":{"OBJECTID":259426,"PRIMENAME":"Unnamed Segment","ELEVTYP_F":0,"ELEVTYP_T":0},"geometry":{"type":"LineString","coordinates":[[-74.1359034741164,40.4433412003631],[-74.1356368059697,40.4434435390766]]}},{"type":"Feature","id":259526,"properties":{"OBJECTID":259526,"PRIMENAME":"Smith Place","ELEVTYP_F":0,"ELEVTYP_T":0},"geometry":{"type":"LineString","coordinates":[[-74.1370617960951,40.4508656608429],[-74.1370029445787,40.4508171613919],[-74.1367358788809,40.4505970957371]]}},{"type":"Feature","id":259539,"properties":{"OBJECTID":259539,"PRIMENAME":"Parkside Place","ELEVTYP_F":0,"ELEVTYP_T":0},"geometry":{"type":"LineString","coordinates":[[-74.1248181050478,40.4437782958322],[-74.1249112666411,40.4437536441704],[-74.1258545718698,40.4435040927717],[-74.1259455014335,40.4434800373784]]}},{"type":"Feature","id":259687,"properties":{"OBJECTID":259687,"PRIMENAME":"Lincoln Avenue","ELEVTYP_F":0,"ELEVTYP_T":0},"geometry":{"type":"LineString","coordinates":[[-74.1374416293187,40.4482298918315],[-74.1373720970547,40.4482971224644],[-74.1370206837791,40.448682096657],[-74.1369705691106,40.4487200695673],[-74.1369143138775,40.4487437210503],[-74.1367706549764,40.4487766230476],[-74.1360650329301,40.4489030967111],[-74.135959464785,40.4489223090404]]}},{"type":"Feature","id":259944,"properties":{"OBJECTID":259944,"PRIMENAME":"Hill Street","ELEVTYP_F":0,"ELEVTYP_T":0},"geometry":{"type":"LineString","coordinates":[[-74.138019822656,40.4491416652879],[-74.1379855352654,40.4490759212837],[-74.1378187955664,40.4487560834913],[-74.1377764642615,40.4486829848334]]}},{"type":"Feature","id":261555,"properties":{"OBJECTID":261555,"PRIMENAME":"Belleview Avenue","ELEVTYP_F":0,"ELEVTYP_T":0},"geometry":{"type":"LineString","coordinates":[[-74.1334311822941,40.4528363325949],[-74.1329751080014,40.4532831763616],[-74.1322191972395,40.4540237718508],[-74.1321410136822,40.4541003599641]]}},{"type":"Feature","id":262084,"properties":{"OBJECTID":262084,"PRIMENAME":"Brown Avenue North","ELEVTYP_F":0,"ELEVTYP_T":0},"geometry":{"type":"LineString","coordinates":[[-74.1476133219366,40.4408200670587],[-74.14761346468,40.4408218516589],[-74.1476319737897,40.4408552623262],[-74.1476817294142,40.4408840182526],[-74.1477503386719,40.4408937524777],[-74.1480248358478,40.4408802863977],[-74.1481122526673,40.4408662503732],[-74.1481497042316,40.44085683921],[-74.1481998433137,40.4408188614617],[-74.1483455034852,40.4407285310611],[-74.1486128161367,40.4405627590447],[-74.1489882225974,40.4403446444038],[-74.1490320979501,40.4403019261236],[-74.1490634575986,40.4402686400503],[-74.149082399023,40.4402258181382],[-74.1490766543994,40.4401352378739],[-74.1490539284976,40.4396967136175],[-74.1490293027412,40.4396442063695],[-74.1489919652296,40.439625041798],[-74.1489546278845,40.439605849295],[-74.1488486292097,40.439600750389],[-74.1484501806931,40.4395735433938]]}},{"type":"Feature","id":262105,"properties":{"OBJECTID":262105,"PRIMENAME":"Taylor Avenue","ELEVTYP_F":0,"ELEVTYP_T":0},"geometry":{"type":"LineString","coordinates":[[-74.1166887050629,40.4368489727576],[-74.1165853453523,40.436848630012],[-74.1159116926972,40.4368463938848],[-74.1158172780083,40.4368460801704]]}},{"type":"Feature","id":262864,"properties":{"OBJECTID":262864,"PRIMENAME":"Woodland Avenue","ELEVTYP_F":0,"ELEVTYP_T":0},"geometry":{"type":"LineString","coordinates":[[-74.126122474359,40.4490476883904],[-74.12599262337,40.4489805608724],[-74.1257257194253,40.4488298670702]]}},{"type":"Feature","id":262932,"properties":{"OBJECTID":262932,"PRIMENAME":"Ocean Avenue","ELEVTYP_F":0,"ELEVTYP_T":0},"geometry":{"type":"LineString","coordinates":[[-74.116724367169,40.4394833658914],[-74.1167291997608,40.4397015669439],[-74.1167337449768,40.4404890829579]]}},{"type":"Feature","id":263371,"properties":{"OBJECTID":263371,"PRIMENAME":"Pine View Avenue","ELEVTYP_F":0,"ELEVTYP_T":0},"geometry":{"type":"LineString","coordinates":[[-74.1313423459165,40.450415641409],[-74.1323189358838,40.4494583349863]]}},{"type":"Feature","id":264545,"properties":{"OBJECTID":264545,"PRIMENAME":"Main Street","ELEVTYP_F":0,"ELEVTYP_T":0},"geometry":{"type":"LineString","coordinates":[[-74.1296379924524,40.4442220811998],[-74.1298221876196,40.4451563514784],[-74.1298456346244,40.4452705148295]]}},{"type":"Feature","id":264581,"properties":{"OBJECTID":264581,"PRIMENAME":"Unnamed Segment","ELEVTYP_F":0,"ELEVTYP_T":0},"geometry":{"type":"LineString","coordinates":[[-74.1302275841166,40.4526393365226],[-74.1301941867079,40.4526176990715],[-74.1301104720672,40.4525732018762],[-74.1296034601608,40.4522808583784]]}},{"type":"Feature","id":264701,"properties":{"OBJECTID":264701,"PRIMENAME":"East Shore Street","ELEVTYP_F":0,"ELEVTYP_T":0},"geometry":{"type":"LineString","coordinates":[[-74.1316763983934,40.4512103554973],[-74.131804166763,40.4511867425409],[-74.1322350982984,40.4511071047227],[-74.132556891977,40.4510476250422]]}},{"type":"Feature","id":264918,"properties":{"OBJECTID":264918,"PRIMENAME":"Ocean Avenue","ELEVTYP_F":0,"ELEVTYP_T":0},"geometry":{"type":"LineString","coordinates":[[-74.1166887050629,40.4368489727576],[-74.1166902417386,40.4370466284205]]}},{"type":"Feature","id":265230,"properties":{"OBJECTID":265230,"PRIMENAME":"Vogel Street","ELEVTYP_F":0,"ELEVTYP_T":0},"geometry":{"type":"LineString","coordinates":[[-74.1319255019491,40.4374092779229],[-74.1319101586213,40.4374756349777],[-74.1318653903561,40.4376804174912],[-74.1318513513201,40.4377446919081]]}},{"type":"Feature","id":266126,"properties":{"OBJECTID":266126,"PRIMENAME":"FR RT 36 SB to HUDSON AVE","ELEVTYP_F":0,"ELEVTYP_T":0},"geometry":{"type":"LineString","coordinates":[[-74.1337502010338,40.4357029212548],[-74.1332683494061,40.4356182980747],[-74.1327697933513,40.4355404277582],[-74.1327022629876,40.435520538767],[-74.1326684995815,40.4355105956132],[-74.1325913485304,40.4354808121881],[-74.1325335251878,40.435451091047],[-74.1324710289113,40.4353955219871],[-74.1324376045713,40.435325277545],[-74.1324186186949,40.435262462441],[-74.1324287248096,40.4351812659203],[-74.1324520084113,40.4350619809281],[-74.1324576732719,40.434945274287]]}},{"type":"Feature","id":266700,"properties":{"OBJECTID":266700,"PRIMENAME":"Palmer Place","ELEVTYP_F":0,"ELEVTYP_T":0},"geometry":{"type":"LineString","coordinates":[[-74.1296207815383,40.4374200353142],[-74.129478002856,40.4374011309148],[-74.129197449097,40.4373811792913]]}},{"type":"Feature","id":266751,"properties":{"OBJECTID":266751,"PRIMENAME":"Thorne Place","ELEVTYP_F":0,"ELEVTYP_T":0},"geometry":{"type":"LineString","coordinates":[[-74.1374712376383,40.4356158242485],[-74.1374867568298,40.4355623695367],[-74.1377536281026,40.434643387594],[-74.1377879152175,40.4345336062053]]}},{"type":"Feature","id":266842,"properties":{"OBJECTID":266842,"PRIMENAME":"Beacon Terrace","ELEVTYP_F":0,"ELEVTYP_T":0},"geometry":{"type":"LineString","coordinates":[[-74.1225795095392,40.4435293534938],[-74.1225797900449,40.4434792005932],[-74.1225812562823,40.4432170432233],[-74.1225941774329,40.4431360757354],[-74.1226195742374,40.4430598989351],[-74.1226261898999,40.4429884089844],[-74.1226078003395,40.4429359444379],[-74.1225894276968,40.4428739259766],[-74.122552202687,40.4428356750379],[-74.1224712158464,40.4428163584947],[-74.1222780031891,40.442787123102]]}},{"type":"Feature","id":267217,"properties":{"OBJECTID":267217,"PRIMENAME":"Ocean Avenue","ELEVTYP_F":0,"ELEVTYP_T":0},"geometry":{"type":"LineString","coordinates":[[-74.1163997259749,40.4425033822845],[-74.1160579569551,40.4429838835951],[-74.1159784589338,40.443107590526]]}},{"type":"Feature","id":267660,"properties":{"OBJECTID":267660,"PRIMENAME":"Twilight Avenue","ELEVTYP_F":0,"ELEVTYP_T":0},"geometry":{"type":"LineString","coordinates":[[-74.1251635026299,40.4464568974048],[-74.1251073508722,40.4463446147883],[-74.1250225622312,40.4461750622917],[-74.1246895497412,40.4454829450216],[-74.1246026445101,40.4453126008675]]}},{"type":"Feature","id":267860,"properties":{"OBJECTID":267860,"PRIMENAME":"Park Avenue","ELEVTYP_F":0,"ELEVTYP_T":0},"geometry":{"type":"LineString","coordinates":[[-74.1261205892863,40.4441612634828],[-74.1260129557625,40.4441908921571],[-74.1251320211531,40.4444333735235]]}},{"type":"Feature","id":268295,"properties":{"OBJECTID":268295,"PRIMENAME":"Bayview Avenue","ELEVTYP_F":0,"ELEVTYP_T":0},"geometry":{"type":"LineString","coordinates":[[-74.1300233121556,40.4528460697827],[-74.1300860438143,40.4527825829338],[-74.1302275841166,40.4526393365226]]}},{"type":"Feature","id":269106,"properties":{"OBJECTID":269106,"PRIMENAME":"Main Street","ELEVTYP_F":0,"ELEVTYP_T":0},"geometry":{"type":"LineString","coordinates":[[-74.1275689379777,40.4510397334034],[-74.127574874183,40.4510969339516],[-74.1275932284103,40.4511637275578],[-74.1276301978018,40.4512496331932],[-74.1276543890307,40.4512910269218]]}},{"type":"Feature","id":270769,"properties":{"OBJECTID":270769,"PRIMENAME":"Maple Avenue","ELEVTYP_F":0,"ELEVTYP_T":0},"geometry":{"type":"LineString","coordinates":[[-74.1332312916453,40.4472966841192],[-74.1333476667843,40.4472788532022],[-74.1342816712238,40.4471110905664]]}},{"type":"Feature","id":270838,"properties":{"OBJECTID":270838,"PRIMENAME":"Lakewood Avenue","ELEVTYP_F":0,"ELEVTYP_T":0},"geometry":{"type":"LineString","coordinates":[[-74.1244324879508,40.4472530604536],[-74.1239015165312,40.4469625448815],[-74.1229251183808,40.4464303739411],[-74.1228225700741,40.4463659680608]]}},{"type":"Feature","id":271112,"properties":{"OBJECTID":271112,"PRIMENAME":"Loshen Place","ELEVTYP_F":0,"ELEVTYP_T":0},"geometry":{"type":"LineString","coordinates":[[-74.1320352899669,40.4368371263695],[-74.1320633470141,40.4368374903623],[-74.1328713762511,40.4368446704483]]}},{"type":"Feature","id":271406,"properties":{"OBJECTID":271406,"PRIMENAME":"Raritan Avenue","ELEVTYP_F":0,"ELEVTYP_T":0},"geometry":{"type":"LineString","coordinates":[[-74.1330840780533,40.4497610573679],[-74.1330990897263,40.449808898216]]}},{"type":"Feature","id":272658,"properties":{"OBJECTID":272658,"PRIMENAME":"Shore Boulevard","ELEVTYP_F":0,"ELEVTYP_T":0},"geometry":{"type":"LineString","coordinates":[[-74.1205563268064,40.4468151793513],[-74.1201855528303,40.4466025029389],[-74.1197274358074,40.446344325159]]}},{"type":"Feature","id":273100,"properties":{"OBJECTID":273100,"PRIMENAME":"Pine View Avenue","ELEVTYP_F":0,"ELEVTYP_T":0},"geometry":{"type":"LineString","coordinates":[[-74.1323189358838,40.4494583349863],[-74.132373956431,40.4494044303217]]}},{"type":"Feature","id":273593,"properties":{"OBJECTID":273593,"PRIMENAME":"5th Street","ELEVTYP_F":0,"ELEVTYP_T":0},"geometry":{"type":"LineString","coordinates":[[-74.141897651756,40.4442547777738],[-74.1420312408161,40.4442551915106],[-74.1443198626987,40.4443909486565],[-74.144441624601,40.444399229019]]}},{"type":"Feature","id":274102,"properties":{"OBJECTID":274102,"PRIMENAME":"Saint Peters Place","ELEVTYP_F":0,"ELEVTYP_T":0},"geometry":{"type":"LineString","coordinates":[[-74.1402464728516,40.4494324096098],[-74.1404811053399,40.4502037021368],[-74.1405015896217,40.4502709128351]]}},{"type":"Feature","id":274192,"properties":{"OBJECTID":274192,"PRIMENAME":"Waterview Place","ELEVTYP_F":0,"ELEVTYP_T":0},"geometry":{"type":"LineString","coordinates":[[-74.1267671076449,40.4500502403861],[-74.1267130713325,40.4501267101031],[-74.126435068046,40.4505199091054],[-74.1263735297745,40.4506069477029]]}},{"type":"Feature","id":274488,"properties":{"OBJECTID":274488,"PRIMENAME":"4th Street","ELEVTYP_F":0,"ELEVTYP_T":0},"geometry":{"type":"LineString","coordinates":[[-74.1419938007194,40.4449322769389],[-74.1421212647153,40.4449226790273],[-74.1443038270256,40.4450676602856],[-74.1443779639785,40.4450725005376]]}},{"type":"Feature","id":274494,"properties":{"OBJECTID":274494,"PRIMENAME":"Palmer Avenue","ELEVTYP_F":0,"ELEVTYP_T":0},"geometry":{"type":"LineString","coordinates":[[-74.1313880233038,40.4348647028768],[-74.1312906734558,40.435303617089],[-74.1312729464874,40.4353849035822]]}},{"type":"Feature","id":274825,"properties":{"OBJECTID":274825,"PRIMENAME":"Greenwood Place","ELEVTYP_F":0,"ELEVTYP_T":0},"geometry":{"type":"LineString","coordinates":[[-74.1283460907236,40.4469959975607],[-74.128044495172,40.4473375399231]]}},{"type":"Feature","id":275498,"properties":{"OBJECTID":275498,"PRIMENAME":"Lakewood Avenue","ELEVTYP_F":0,"ELEVTYP_T":0},"geometry":{"type":"LineString","coordinates":[[-74.1259906976792,40.4481027667467],[-74.1256491821593,40.4479166380348],[-74.1246727209906,40.4473844826057],[-74.1244324879508,40.4472530604536]]}},{"type":"Feature","id":275754,"properties":{"OBJECTID":275754,"PRIMENAME":"Shore Boulevard","ELEVTYP_F":0,"ELEVTYP_T":0},"geometry":{"type":"LineString","coordinates":[[-74.1267671076449,40.4500502403861],[-74.1265232790487,40.4500402835075],[-74.1264546725814,40.450035312778],[-74.1263613662093,40.4499873558374],[-74.1262044160507,40.4499013924164]]}},{"type":"Feature","id":275856,"properties":{"OBJECTID":275856,"PRIMENAME":"Locust Grove","ELEVTYP_F":0,"ELEVTYP_T":0},"geometry":{"type":"LineString","coordinates":[[-74.1463234765852,40.439780197399],[-74.1462604768782,40.4398741970486],[-74.1461624758008,40.4399151986293],[-74.1461134760799,40.4399351977351],[-74.1459594762762,40.4399281992916]]}},{"type":"Feature","id":277044,"properties":{"OBJECTID":277044,"PRIMENAME":"North Shore Street","ELEVTYP_F":0,"ELEVTYP_T":0},"geometry":{"type":"LineString","coordinates":[[-74.1356260008407,40.4501178133223],[-74.1358965567998,40.4500654372568],[-74.1360069714455,40.4504136776139]]}},{"type":"Feature","id":277069,"properties":{"OBJECTID":277069,"PRIMENAME":"12th Street","ELEVTYP_F":0,"ELEVTYP_T":0},"geometry":{"type":"LineString","coordinates":[[-74.1391695577476,40.4390005853522],[-74.1393050069151,40.4389207395038],[-74.1394214169314,40.4388521173166],[-74.1394965338594,40.4387999190929],[-74.1395652823909,40.438776333173],[-74.139652723843,40.4387574996086],[-74.1399522841971,40.4387250795898],[-74.1400905181445,40.4387149131063]]}},{"type":"Feature","id":277460,"properties":{"OBJECTID":277460,"PRIMENAME":"Leola Avenue","ELEVTYP_F":0,"ELEVTYP_T":0},"geometry":{"type":"LineString","coordinates":[[-74.1269709285265,40.4439531279396],[-74.1270529762233,40.4439368947775],[-74.1276462289423,40.4438196671589],[-74.1277853737359,40.44378978177]]}},{"type":"Feature","id":278594,"properties":{"OBJECTID":278594,"PRIMENAME":"Holmes Place","ELEVTYP_F":0,"ELEVTYP_T":0},"geometry":{"type":"LineString","coordinates":[[-74.1217014250207,40.4389556810039],[-74.1208669700208,40.438941022972]]}},{"type":"Feature","id":279518,"properties":{"OBJECTID":279518,"PRIMENAME":"Carr Avenue","ELEVTYP_F":0,"ELEVTYP_T":0},"geometry":{"type":"LineString","coordinates":[[-74.1332312916453,40.4472966841192],[-74.1330281811285,40.4466332505524],[-74.1330086125814,40.4465711210002]]}},{"type":"Feature","id":279529,"properties":{"OBJECTID":279529,"PRIMENAME":"Central Avenue","ELEVTYP_F":0,"ELEVTYP_T":0},"geometry":{"type":"LineString","coordinates":[[-74.1442991258143,40.4457550864715],[-74.1443779639785,40.4450725005376]]}},{"type":"Feature","id":279868,"properties":{"OBJECTID":279868,"PRIMENAME":"Carr Avenue","ELEVTYP_F":0,"ELEVTYP_T":0},"geometry":{"type":"LineString","coordinates":[[-74.1347831315633,40.4522753200381],[-74.1347560459989,40.4521897127102],[-74.134686295488,40.4519641980492]]}},{"type":"Feature","id":279936,"properties":{"OBJECTID":279936,"PRIMENAME":"Raritan Avenue","ELEVTYP_F":0,"ELEVTYP_T":0},"geometry":{"type":"LineString","coordinates":[[-74.1334321594416,40.4508871228907],[-74.1335021789089,40.4511174963309],[-74.1335321382786,40.4512160615312],[-74.1336258467598,40.4515088259352]]}},{"type":"Feature","id":280267,"properties":{"OBJECTID":280267,"PRIMENAME":"Lorraine Place","ELEVTYP_F":0,"ELEVTYP_T":0},"geometry":{"type":"LineString","coordinates":[[-74.1299181622934,40.4360158810047],[-74.1283452535201,40.4358155730408]]}},{"type":"Feature","id":280328,"properties":{"OBJECTID":280328,"PRIMENAME":"Kennedy Way","ELEVTYP_F":0,"ELEVTYP_T":0},"geometry":{"type":"LineString","coordinates":[[-74.1373206899212,40.4457810871481],[-74.1374481246854,40.4457571651563],[-74.1379164438236,40.4456728742197],[-74.1381731361558,40.4456278823017],[-74.1382233094845,40.4456190878904]]}},{"type":"Feature","id":282524,"properties":{"OBJECTID":282524,"PRIMENAME":"Port Monmouth Road","ELEVTYP_F":0,"ELEVTYP_T":0},"geometry":{"type":"LineString","coordinates":[[-74.1206783982253,40.4423327518434],[-74.1206205158211,40.4423390131755],[-74.1200470140325,40.4424008993674],[-74.1198597605313,40.4424241119564],[-74.1196974683867,40.4424426563948],[-74.1195539759521,40.4424469333262],[-74.1194577063132,40.4424409595642],[-74.1193918449931,40.4424368745068],[-74.1191674490395,40.4424075303461],[-74.1190187438364,40.4423778002672]]}},{"type":"Feature","id":283330,"properties":{"OBJECTID":283330,"PRIMENAME":"Pinewood Place","ELEVTYP_F":0,"ELEVTYP_T":0},"geometry":{"type":"LineString","coordinates":[[-74.1386728366504,40.4527990907214],[-74.1384264072537,40.45264374123],[-74.1380625609738,40.4524143713767],[-74.1380036465555,40.4523772094628]]}},{"type":"Feature","id":283435,"properties":{"OBJECTID":283435,"PRIMENAME":"11th Street","ELEVTYP_F":0,"ELEVTYP_T":0},"geometry":{"type":"LineString","coordinates":[[-74.1433078352947,40.4399511717239],[-74.1434574632403,40.4399607747704],[-74.1441620483514,40.4400106011269],[-74.1442461969214,40.4400165431359]]}},{"type":"Feature","id":283519,"properties":{"OBJECTID":283519,"PRIMENAME":"Bayshore Mobile Manor","ELEVTYP_F":0,"ELEVTYP_T":0},"geometry":{"type":"LineString","coordinates":[[-74.1475346220846,40.4398349129976],[-74.147583012784,40.440440485175]]}},{"type":"Feature","id":284298,"properties":{"OBJECTID":284298,"PRIMENAME":"Saint Marks Place","ELEVTYP_F":0,"ELEVTYP_T":0},"geometry":{"type":"LineString","coordinates":[[-74.1385064783664,40.4498911861566],[-74.1384362897944,40.4499399676086],[-74.138124117368,40.450157009809]]}},{"type":"Feature","id":284487,"properties":{"OBJECTID":284487,"PRIMENAME":"Greenwood Place","ELEVTYP_F":0,"ELEVTYP_T":0},"geometry":{"type":"LineString","coordinates":[[-74.128044495172,40.4473375399231],[-74.1276116426316,40.4478276655538],[-74.1275720116339,40.4478725301149]]}},{"type":"Feature","id":284540,"properties":{"OBJECTID":284540,"PRIMENAME":"Beachway Avenue","ELEVTYP_F":0,"ELEVTYP_T":0},"geometry":{"type":"LineString","coordinates":[[-74.1347544127248,40.4551859789463],[-74.1339792966888,40.4550397091701],[-74.1336303302859,40.4549575941721],[-74.1335556675414,40.4549287533092],[-74.1332011238286,40.4547227035016],[-74.1329121177197,40.4545530419993]]}},{"type":"Feature","id":284862,"properties":{"OBJECTID":284862,"PRIMENAME":"Shadynook Avenue","ELEVTYP_F":0,"ELEVTYP_T":0},"geometry":{"type":"LineString","coordinates":[[-74.1313423459165,40.450415641409],[-74.131259685079,40.4503652789417],[-74.1308430873079,40.4501113684209]]}},{"type":"Feature","id":285211,"properties":{"OBJECTID":285211,"PRIMENAME":"Main Street","ELEVTYP_F":0,"ELEVTYP_T":0},"geometry":{"type":"LineString","coordinates":[[-74.1300165812362,40.446131721228],[-74.1300711127544,40.4463962805757],[-74.1300953109191,40.4465441021768],[-74.1300948431875,40.4466294198651]]}},{"type":"Feature","id":286355,"properties":{"OBJECTID":286355,"PRIMENAME":"Unnamed Segment","ELEVTYP_F":0,"ELEVTYP_T":0},"geometry":{"type":"LineString","coordinates":[[-74.1334311822941,40.4528363325949],[-74.1334978973099,40.4528699838654],[-74.134085472588,40.4532172015313]]}},{"type":"Feature","id":287716,"properties":{"OBJECTID":287716,"PRIMENAME":"Leroy Place","ELEVTYP_F":0,"ELEVTYP_T":0},"geometry":{"type":"LineString","coordinates":[[-74.1331110870867,40.4390906645643],[-74.1331356047829,40.4392333801136]]}},{"type":"Feature","id":288281,"properties":{"OBJECTID":288281,"PRIMENAME":"FR RT 36 NB to LAUREL AVE","ELEVTYP_F":0,"ELEVTYP_T":0},"geometry":{"type":"LineString","coordinates":[[-74.1401353265739,40.437642274583],[-74.1401891127882,40.4376754116871],[-74.140275859024,40.4377126312522],[-74.1403675109577,40.4377461328643],[-74.1404688297981,40.4377723071474],[-74.1405750226199,40.4377874339467],[-74.1406813113681,40.4377914146387],[-74.140802156409,40.4377807276224],[-74.1409278714805,40.4377663494766],[-74.1410007406725,40.4377580107044]]}},{"type":"Feature","id":288485,"properties":{"OBJECTID":288485,"PRIMENAME":"Bayside Parkway","ELEVTYP_F":0,"ELEVTYP_T":0},"geometry":{"type":"LineString","coordinates":[[-74.1204049054758,40.4475373418013],[-74.1203238869,40.4475227736191],[-74.1201932463321,40.4474508609078],[-74.1198016277668,40.4472065186454]]}},{"type":"Feature","id":288614,"properties":{"OBJECTID":288614,"PRIMENAME":"Maplewood Avenue","ELEVTYP_F":0,"ELEVTYP_T":0},"geometry":{"type":"LineString","coordinates":[[-74.1421532777259,40.4491032548612],[-74.1424523736206,40.4490516938994],[-74.1425691239524,40.449030807109]]}},{"type":"Feature","id":289609,"properties":{"OBJECTID":289609,"PRIMENAME":"Maple Avenue","ELEVTYP_F":0,"ELEVTYP_T":0},"geometry":{"type":"LineString","coordinates":[[-74.1329945613286,40.4473509725566],[-74.133104164037,40.4473162100171],[-74.1332312916453,40.4472966841192]]}},{"type":"Feature","id":290166,"properties":{"OBJECTID":290166,"PRIMENAME":"Beachway Avenue","ELEVTYP_F":0,"ELEVTYP_T":0},"geometry":{"type":"LineString","coordinates":[[-74.128612638116,40.4520024871877],[-74.1286925887615,40.4520489502772],[-74.1293206038507,40.4524322394451]]}},{"type":"Feature","id":290455,"properties":{"OBJECTID":290455,"PRIMENAME":"Bayshore Mobile Manor","ELEVTYP_F":0,"ELEVTYP_T":0},"geometry":{"type":"LineString","coordinates":[[-74.147583012784,40.440440485175],[-74.1476133219366,40.4408200670587]]}},{"type":"Feature","id":290676,"properties":{"OBJECTID":290676,"PRIMENAME":"Howard Avenue","ELEVTYP_F":0,"ELEVTYP_T":0},"geometry":{"type":"LineString","coordinates":[[-74.1378244759716,40.447256234813],[-74.137870266104,40.4473074381009],[-74.1382423097422,40.4477232032777],[-74.1382933957531,40.4477788694138]]}},{"type":"Feature","id":291501,"properties":{"OBJECTID":291501,"PRIMENAME":"Carr Avenue","ELEVTYP_F":0,"ELEVTYP_T":0},"geometry":{"type":"LineString","coordinates":[[-74.1334460914275,40.44799221701],[-74.133354368169,40.4476987443801],[-74.1332312916453,40.4472966841192]]}},{"type":"Feature","id":291988,"properties":{"OBJECTID":291988,"PRIMENAME":"Pinewood Place","ELEVTYP_F":0,"ELEVTYP_T":0},"geometry":{"type":"LineString","coordinates":[[-74.1393451648388,40.4532338524752],[-74.1392785914607,40.4531907384289],[-74.1387197536981,40.4528286926808],[-74.1386728366504,40.4527990907214]]}},{"type":"Feature","id":292592,"properties":{"OBJECTID":292592,"PRIMENAME":"Circuit Street","ELEVTYP_F":0,"ELEVTYP_T":0},"geometry":{"type":"LineString","coordinates":[[-74.1334976194106,40.4479721214507],[-74.1335990042317,40.4480946295911],[-74.1339948696266,40.4485729079205]]}},{"type":"Feature","id":292712,"properties":{"OBJECTID":292712,"PRIMENAME":"Snyder Avenue","ELEVTYP_F":0,"ELEVTYP_T":0},"geometry":{"type":"LineString","coordinates":[[-74.1275344956072,40.4427891080559],[-74.1275883525073,40.4430045007135],[-74.1277714514515,40.4437342846718],[-74.1277853737359,40.44378978177]]}},{"type":"Feature","id":292948,"properties":{"OBJECTID":292948,"PRIMENAME":"Wilson Avenue","ELEVTYP_F":0,"ELEVTYP_T":0},"geometry":{"type":"LineString","coordinates":[[-74.1314904930545,40.4439896123119],[-74.1315124784251,40.4440560603025],[-74.1316781882379,40.4445570016637],[-74.131763834075,40.4448622880882],[-74.1319601901368,40.445463414456],[-74.1320580885334,40.4458020929365],[-74.1322116861399,40.4462458133647],[-74.1322975347848,40.4465082206053],[-74.1323470117683,40.4465941645883],[-74.1324771350994,40.4467566237418],[-74.132836622718,40.4471819194543],[-74.1329482612139,40.4473014409085],[-74.1329945613286,40.4473509725566]]}},{"type":"Feature","id":293394,"properties":{"OBJECTID":293394,"PRIMENAME":"Port Monmouth Road","ELEVTYP_F":0,"ELEVTYP_T":0},"geometry":{"type":"LineString","coordinates":[[-74.125516735428,40.4417396515183],[-74.1244913763512,40.4418625751479],[-74.1243330109765,40.4418830319954]]}},{"type":"Feature","id":293498,"properties":{"OBJECTID":293498,"PRIMENAME":"Forest Place","ELEVTYP_F":0,"ELEVTYP_T":0},"geometry":{"type":"LineString","coordinates":[[-74.1284525154426,40.4482303666919],[-74.1284893360862,40.4481736323089],[-74.1288147713004,40.4476724995182]]}},{"type":"Feature","id":293936,"properties":{"OBJECTID":293936,"PRIMENAME":"Woodside Place","ELEVTYP_F":0,"ELEVTYP_T":0},"geometry":{"type":"LineString","coordinates":[[-74.1272864262692,40.4476824146508],[-74.1271819572272,40.4476976155761],[-74.126701185607,40.4477675476513],[-74.1266400154748,40.4477764366342]]}},{"type":"Feature","id":295406,"properties":{"OBJECTID":295406,"PRIMENAME":"Shore Boulevard","ELEVTYP_F":0,"ELEVTYP_T":0},"geometry":{"type":"LineString","coordinates":[[-74.1216862269826,40.4474540533127],[-74.1214976332419,40.4473550512718],[-74.1212128869317,40.4471917427313]]}},{"type":"Feature","id":295456,"properties":{"OBJECTID":295456,"PRIMENAME":"Lawrence Avenue","ELEVTYP_F":0,"ELEVTYP_T":0},"geometry":{"type":"LineString","coordinates":[[-74.1288049191662,40.4454203564813],[-74.1278362619991,40.4455598256556],[-74.1277551724617,40.4455715061269]]}},{"type":"Feature","id":296231,"properties":{"OBJECTID":296231,"PRIMENAME":"Port Monmouth Road","ELEVTYP_F":0,"ELEVTYP_T":0},"geometry":{"type":"LineString","coordinates":[[-74.1190187438364,40.4423778002672],[-74.1189901548556,40.442372083365]]}},{"type":"Feature","id":296408,"properties":{"OBJECTID":296408,"PRIMENAME":"Highland Boulevard","ELEVTYP_F":0,"ELEVTYP_T":0},"geometry":{"type":"LineString","coordinates":[[-74.1380036465555,40.4523772094628],[-74.1382184407344,40.4521744667913],[-74.1388955048321,40.451561780301],[-74.1395977832985,40.4509015138784],[-74.1396597698431,40.4508545452635]]}},{"type":"Feature","id":296961,"properties":{"OBJECTID":296961,"PRIMENAME":"Church Street","ELEVTYP_F":0,"ELEVTYP_T":0},"geometry":{"type":"LineString","coordinates":[[-74.1315075628235,40.4417716402321],[-74.132517271921,40.4416763028325],[-74.1325849980738,40.4416697930323]]}},{"type":"Feature","id":297331,"properties":{"OBJECTID":297331,"PRIMENAME":"Kennedy Way","ELEVTYP_F":0,"ELEVTYP_T":0},"geometry":{"type":"LineString","coordinates":[[-74.1330086125814,40.4465711210002],[-74.1331020588399,40.4465536840648],[-74.1340537136908,40.446376069541]]}},{"type":"Feature","id":297816,"properties":{"OBJECTID":297816,"PRIMENAME":"Horner Place","ELEVTYP_F":0,"ELEVTYP_T":0},"geometry":{"type":"LineString","coordinates":[[-74.1312954581012,40.4394063180674],[-74.1313588020328,40.4390704584896],[-74.1313711966006,40.4390048342511]]}},{"type":"Feature","id":299030,"properties":{"OBJECTID":299030,"PRIMENAME":"Crescent Street","ELEVTYP_F":0,"ELEVTYP_T":0},"geometry":{"type":"LineString","coordinates":[[-74.1203810696883,40.4434456748495],[-74.1205400462957,40.4434676914048],[-74.12120080702,40.4435508950835],[-74.1212862487026,40.4435511750178]]}},{"type":"Feature","id":299943,"properties":{"OBJECTID":299943,"PRIMENAME":"Leroy Place","ELEVTYP_F":0,"ELEVTYP_T":0},"geometry":{"type":"LineString","coordinates":[[-74.133066616196,40.4378373539639],[-74.1331418738074,40.4380800519788],[-74.1330848900516,40.4380897124185],[-74.1329519298533,40.4381122539415]]}},{"type":"Feature","id":300157,"properties":{"OBJECTID":300157,"PRIMENAME":"Main Street","ELEVTYP_F":0,"ELEVTYP_T":0},"geometry":{"type":"LineString","coordinates":[[-74.1300141651088,40.446985125103],[-74.1299355684691,40.4472298504875],[-74.129889683113,40.4473739883902]]}},{"type":"Feature","id":300805,"properties":{"OBJECTID":300805,"PRIMENAME":"Park Avenue","ELEVTYP_F":0,"ELEVTYP_T":0},"geometry":{"type":"LineString","coordinates":[[-74.1208348345074,40.4455878859269],[-74.1205532786685,40.4455552290522],[-74.1199323764028,40.4454732506038]]}},{"type":"Feature","id":300965,"properties":{"OBJECTID":300965,"PRIMENAME":"Main Street","ELEVTYP_F":0,"ELEVTYP_T":0},"geometry":{"type":"LineString","coordinates":[[-74.1306612265448,40.4382292033147],[-74.1305199646218,40.4388778980716]]}},{"type":"Feature","id":301010,"properties":{"OBJECTID":301010,"PRIMENAME":"Maple Avenue","ELEVTYP_F":0,"ELEVTYP_T":0},"geometry":{"type":"LineString","coordinates":[[-74.1353384458373,40.4469179584862],[-74.1354395157079,40.4468994458331],[-74.1369256750235,40.4466324907215]]}},{"type":"Feature","id":301794,"properties":{"OBJECTID":301794,"PRIMENAME":"Ramsey Avenue","ELEVTYP_F":0,"ELEVTYP_T":0},"geometry":{"type":"LineString","coordinates":[[-74.1340140179471,40.4427176206384],[-74.1340333122551,40.4427772508233],[-74.1342716949184,40.4435155449076]]}},{"type":"Feature","id":302882,"properties":{"OBJECTID":302882,"PRIMENAME":"Park Avenue","ELEVTYP_F":0,"ELEVTYP_T":0},"geometry":{"type":"LineString","coordinates":[[-74.1227902484468,40.4450837403541],[-74.1221544957068,40.445260456024],[-74.1220706455867,40.445283762423],[-74.1218157890777,40.4453533146868]]}},{"type":"Feature","id":303373,"properties":{"OBJECTID":303373,"PRIMENAME":"FR RT 36 NB to LAUREL AVE","ELEVTYP_F":0,"ELEVTYP_T":0},"geometry":{"type":"LineString","coordinates":[[-74.1389452219446,40.4368449676285],[-74.1393569045684,40.4369935845567],[-74.1394532743675,40.4370381650636],[-74.1395207267615,40.4370752971052],[-74.1395784757263,40.4371197840964],[-74.1396506435506,40.4371753785522],[-74.1397276026047,40.4372420792633],[-74.1397996930474,40.4373124420628],[-74.1399053691,40.4374308954801],[-74.1399774584573,40.4375013131025],[-74.1400302792763,40.4375604991584],[-74.1400928203424,40.4376160633596],[-74.1401353265739,40.437642274583]]}},{"type":"Feature","id":304141,"properties":{"OBJECTID":304141,"PRIMENAME":"8th Street","ELEVTYP_F":0,"ELEVTYP_T":0},"geometry":{"type":"LineString","coordinates":[[-74.1466252679227,40.442517315997],[-74.1478977286065,40.4425241625733]]}},{"type":"Feature","id":305069,"properties":{"OBJECTID":305069,"PRIMENAME":"South Laurel Avenue","ELEVTYP_F":0,"ELEVTYP_T":0},"geometry":{"type":"LineString","coordinates":[[-74.141225608818,40.4367212788464],[-74.14116969439,40.4368206772717],[-74.1410908493714,40.4370213588041],[-74.1410777271906,40.4370547614967],[-74.1410367116912,40.4371591551178]]}},{"type":"Feature","id":305301,"properties":{"OBJECTID":305301,"PRIMENAME":"Main Street","ELEVTYP_F":0,"ELEVTYP_T":0},"geometry":{"type":"LineString","coordinates":[[-74.130720892626,40.4379551539184],[-74.1306612265448,40.4382292033147]]}},{"type":"Feature","id":305358,"properties":{"OBJECTID":305358,"PRIMENAME":"10th Street","ELEVTYP_F":0,"ELEVTYP_T":0},"geometry":{"type":"LineString","coordinates":[[-74.1425327140796,40.441341090924],[-74.1421152491421,40.441348282432],[-74.1414982502782,40.4413588337572]]}},{"type":"Feature","id":306351,"properties":{"OBJECTID":306351,"PRIMENAME":"Main Street","ELEVTYP_F":0,"ELEVTYP_T":0},"geometry":{"type":"LineString","coordinates":[[-74.1308417339203,40.4374002500811],[-74.1308048804645,40.4375695902983]]}},{"type":"Feature","id":306912,"properties":{"OBJECTID":306912,"PRIMENAME":"Ocean Avenue","ELEVTYP_F":0,"ELEVTYP_T":0},"geometry":{"type":"LineString","coordinates":[[-74.1166902417386,40.4370466284205],[-74.116693185521,40.4374265671965],[-74.1166942266195,40.4375153492995]]}},{"type":"Feature","id":307108,"properties":{"OBJECTID":307108,"PRIMENAME":"Woodland Avenue","ELEVTYP_F":0,"ELEVTYP_T":0},"geometry":{"type":"LineString","coordinates":[[-74.1257257194253,40.4488298670702],[-74.1255511272139,40.4487312997557],[-74.1249104782998,40.4483812761141],[-74.1243382994666,40.4480744318216],[-74.1239401627229,40.4478682126753],[-74.1238969538406,40.4478261258319]]}},{"type":"Feature","id":307676,"properties":{"OBJECTID":307676,"PRIMENAME":"Randolph Place","ELEVTYP_F":0,"ELEVTYP_T":0},"geometry":{"type":"LineString","coordinates":[[-74.1300165812362,40.446131721228],[-74.1299165918573,40.4461431779073],[-74.1290676681541,40.4462405449405],[-74.1289694407159,40.446251813717]]}},{"type":"Feature","id":308640,"properties":{"OBJECTID":308640,"PRIMENAME":"Creek Road","ELEVTYP_F":0,"ELEVTYP_T":0},"geometry":{"type":"LineString","coordinates":[[-74.1356368059697,40.4434435390766],[-74.1356266728306,40.4434352455859],[-74.1355647623473,40.443349264663],[-74.1355349624252,40.4432852083051]]}},{"type":"Feature","id":312429,"properties":{"OBJECTID":312429,"PRIMENAME":"Monroe Avenue","ELEVTYP_F":0,"ELEVTYP_T":0},"geometry":{"type":"LineString","coordinates":[[-74.1363909278538,40.4395048660517],[-74.1364810935893,40.439417618339],[-74.1367047804876,40.4392011685023],[-74.1369783610788,40.4389134569569],[-74.1372041306959,40.4386760241852]]}},{"type":"Feature","id":313171,"properties":{"OBJECTID":313171,"PRIMENAME":"Roosevelt Avenue","ELEVTYP_F":0,"ELEVTYP_T":0},"geometry":{"type":"LineString","coordinates":[[-74.138124117368,40.450157009809],[-74.1379859466092,40.4501577858505],[-74.1369191388799,40.4501639652468]]}},{"type":"Feature","id":313746,"properties":{"OBJECTID":313746,"PRIMENAME":"4th Street","ELEVTYP_F":0,"ELEVTYP_T":0},"geometry":{"type":"LineString","coordinates":[[-74.1382233094845,40.4456190878904],[-74.1383748229193,40.4455925311083],[-74.1393052284867,40.4454191442877],[-74.1412097333737,40.4450628487424],[-74.1418778763059,40.4449410044166],[-74.1419938007194,40.4449322769389]]}},{"type":"Feature","id":313874,"properties":{"OBJECTID":313874,"PRIMENAME":"Evergreen Place","ELEVTYP_F":0,"ELEVTYP_T":0},"geometry":{"type":"LineString","coordinates":[[-74.1269724443515,40.444966065652],[-74.1263543928337,40.4450498554122],[-74.1262835602365,40.445058658044]]}},{"type":"Feature","id":314191,"properties":{"OBJECTID":314191,"PRIMENAME":"Highland Boulevard","ELEVTYP_F":0,"ELEVTYP_T":0},"geometry":{"type":"LineString","coordinates":[[-74.1351593155287,40.453464321419],[-74.1352544232696,40.4534471906329],[-74.1362876810883,40.4532611684807]]}},{"type":"Feature","id":314850,"properties":{"OBJECTID":314850,"PRIMENAME":"Woodland Avenue","ELEVTYP_F":0,"ELEVTYP_T":0},"geometry":{"type":"LineString","coordinates":[[-74.1223031970002,40.4469328473539],[-74.1216827367513,40.4466026632205],[-74.1215512580125,40.446532698269]]}},{"type":"Feature","id":315053,"properties":{"OBJECTID":315053,"PRIMENAME":"13th Street","ELEVTYP_F":0,"ELEVTYP_T":0},"geometry":{"type":"LineString","coordinates":[[-74.1367751493993,40.4394308840561],[-74.1368360825759,40.4394111461534],[-74.1370674705799,40.4393022587657],[-74.137768715104,40.438915936066],[-74.1381685114927,40.4386956822512],[-74.1390657629842,40.4382211051957]]}},{"type":"Feature","id":315624,"properties":{"OBJECTID":315624,"PRIMENAME":"Main Street","ELEVTYP_F":0,"ELEVTYP_T":0},"geometry":{"type":"LineString","coordinates":[[-74.1304833478112,40.4390495733527],[-74.1303877232959,40.4394992528165],[-74.1303814172433,40.439528907794]]}},{"type":"Feature","id":316239,"properties":{"OBJECTID":316239,"PRIMENAME":"Terrace Place","ELEVTYP_F":0,"ELEVTYP_T":0},"geometry":{"type":"LineString","coordinates":[[-74.1347726528988,40.4451195003083],[-74.1338138526577,40.4452929804638],[-74.1337217411774,40.4453098458018]]}},{"type":"Feature","id":316289,"properties":{"OBJECTID":316289,"PRIMENAME":"Lancaster Avenue","ELEVTYP_F":0,"ELEVTYP_T":0},"geometry":{"type":"LineString","coordinates":[[-74.1283616503606,40.4426703244644],[-74.1275895885369,40.4427805277422],[-74.1275344956072,40.4427891080559]]}},{"type":"Feature","id":316436,"properties":{"OBJECTID":316436,"PRIMENAME":"Center Avenue","ELEVTYP_F":0,"ELEVTYP_T":0},"geometry":{"type":"LineString","coordinates":[[-74.133617399825,40.4526538550666],[-74.1335902051868,40.4526285132217],[-74.133537203668,40.4525791245241],[-74.1332967138912,40.4524367403937],[-74.1329084559401,40.4522068643983]]}},{"type":"Feature","id":316714,"properties":{"OBJECTID":316714,"PRIMENAME":"Twilight Avenue","ELEVTYP_F":0,"ELEVTYP_T":0},"geometry":{"type":"LineString","coordinates":[[-74.123680023341,40.4433749575908],[-74.1234316302813,40.442848068158],[-74.1232528372083,40.4424757653312],[-74.1230925243626,40.4421464009339],[-74.1230449959322,40.4420487933318]]}},{"type":"Feature","id":317217,"properties":{"OBJECTID":317217,"PRIMENAME":"11th Street","ELEVTYP_F":0,"ELEVTYP_T":0},"geometry":{"type":"LineString","coordinates":[[-74.140300317303,40.4402083521958],[-74.1412047972369,40.4401253770397],[-74.1413233990227,40.4401185804896]]}},{"type":"Feature","id":317602,"properties":{"OBJECTID":317602,"PRIMENAME":"Poplar Avenue","ELEVTYP_F":0,"ELEVTYP_T":0},"geometry":{"type":"LineString","coordinates":[[-74.1391695577476,40.4390005853522],[-74.1391588632974,40.4389202834434],[-74.1390810984932,40.4383363393803],[-74.1390657629842,40.4382211051957]]}},{"type":"Feature","id":317667,"properties":{"OBJECTID":317667,"PRIMENAME":"Orchard Street","ELEVTYP_F":0,"ELEVTYP_T":0},"geometry":{"type":"LineString","coordinates":[[-74.1212128869317,40.4471917427313],[-74.1212555963069,40.4471302817849],[-74.1214568274825,40.4468402025943],[-74.121494669978,40.4467688699449],[-74.1215201410747,40.4466736145805],[-74.1215512580125,40.446532698269]]}},{"type":"Feature","id":317670,"properties":{"OBJECTID":317670,"PRIMENAME":"Mason Place","ELEVTYP_F":0,"ELEVTYP_T":0},"geometry":{"type":"LineString","coordinates":[[-74.1305199646218,40.4388778980716],[-74.1304055922049,40.4388672381821],[-74.1303911918265,40.4388658970251],[-74.1293457539181,40.4387685340579]]}},{"type":"Feature","id":318914,"properties":{"OBJECTID":318914,"PRIMENAME":"Gillette Street","ELEVTYP_F":0,"ELEVTYP_T":0},"geometry":{"type":"LineString","coordinates":[[-74.1347868549349,40.4495256172992],[-74.1348385991372,40.4495855155133],[-74.1350407905128,40.4502310992718]]}},{"type":"Feature","id":319515,"properties":{"OBJECTID":319515,"PRIMENAME":"Camp View Place","ELEVTYP_F":0,"ELEVTYP_T":0},"geometry":{"type":"LineString","coordinates":[[-74.1290544854367,40.4509062918793],[-74.1292684885829,40.4513550415515]]}},{"type":"Feature","id":320369,"properties":{"OBJECTID":320369,"PRIMENAME":"Forest Avenue","ELEVTYP_F":0,"ELEVTYP_T":0},"geometry":{"type":"LineString","coordinates":[[-74.1272864262692,40.4476824146508],[-74.1273253199804,40.4477123520345],[-74.1274184921755,40.4477841638585],[-74.1275055435213,40.4478320998062],[-74.1275720116339,40.4478725301149]]}},{"type":"Feature","id":320399,"properties":{"OBJECTID":320399,"PRIMENAME":"Carr Avenue","ELEVTYP_F":0,"ELEVTYP_T":0},"geometry":{"type":"LineString","coordinates":[[-74.1351593155287,40.453464321419],[-74.1349913148212,40.4529333197843],[-74.1349763332246,40.4528860836274]]}},{"type":"Feature","id":320485,"properties":{"OBJECTID":320485,"PRIMENAME":"Vineyard Avenue","ELEVTYP_F":0,"ELEVTYP_T":0},"geometry":{"type":"LineString","coordinates":[[-74.1211706891772,40.4344630823239],[-74.1211790369821,40.4346209286769],[-74.1211541968428,40.4355134337405],[-74.121151820417,40.4355846628953]]}},{"type":"Feature","id":320631,"properties":{"OBJECTID":320631,"PRIMENAME":"Locust Street","ELEVTYP_F":0,"ELEVTYP_T":0},"geometry":{"type":"LineString","coordinates":[[-74.131557208035,40.4471389926317],[-74.1315892574916,40.4471302946464],[-74.1318330463307,40.4470405365454],[-74.1318768591505,40.4470120718276]]}},{"type":"Feature","id":320878,"properties":{"OBJECTID":320878,"PRIMENAME":"Twilight Avenue","ELEVTYP_F":0,"ELEVTYP_T":0},"geometry":{"type":"LineString","coordinates":[[-74.1257257194253,40.4488298670702],[-74.1258444339045,40.4487084221943],[-74.1260104786862,40.4485212748426],[-74.1261269085449,40.4483900476635],[-74.1261103219651,40.448355048399]]}},{"type":"Feature","id":321877,"properties":{"OBJECTID":321877,"PRIMENAME":"Center Avenue","ELEVTYP_F":0,"ELEVTYP_T":0},"geometry":{"type":"LineString","coordinates":[[-74.1349644972972,40.452848629308],[-74.1350580924849,40.4528317676978],[-74.1360197983896,40.4526584515387],[-74.1360928078272,40.4526473171647]]}},{"type":"Feature","id":322661,"properties":{"OBJECTID":322661,"PRIMENAME":"Woodside Avenue","ELEVTYP_F":0,"ELEVTYP_T":0},"geometry":{"type":"LineString","coordinates":[[-74.1258642161178,40.4461582715662],[-74.1260188910897,40.4464976053524],[-74.1263705104191,40.4472136340134]]}},{"type":"Feature","id":322864,"properties":{"OBJECTID":322864,"PRIMENAME":"East Church Street","ELEVTYP_F":0,"ELEVTYP_T":0},"geometry":{"type":"LineString","coordinates":[[-74.1282374085069,40.4418151402046],[-74.1284181531942,40.4418443255673],[-74.1286737553689,40.4418641980463],[-74.128860857502,40.4418743249193],[-74.1290666420335,40.4418845105351],[-74.1292599848558,40.4418899077211],[-74.1296466888471,40.4418911472123],[-74.1298026829294,40.4418868698647],[-74.129895971764,40.4418906549315]]}},{"type":"Feature","id":322932,"properties":{"OBJECTID":322932,"PRIMENAME":"Birch Court","ELEVTYP_F":0,"ELEVTYP_T":0},"geometry":{"type":"LineString","coordinates":[[-74.1347831315633,40.4522753200381],[-74.1358214737507,40.4520922018973],[-74.1358904740732,40.4523172001472]]}},{"type":"Feature","id":323029,"properties":{"OBJECTID":323029,"PRIMENAME":"Leola Avenue","ELEVTYP_F":0,"ELEVTYP_T":0},"geometry":{"type":"LineString","coordinates":[[-74.1286109070223,40.4436282766574],[-74.1287578065172,40.4435992381913],[-74.1294443789956,40.4435252082623],[-74.1295531025133,40.4435190234838]]}},{"type":"Feature","id":323966,"properties":{"OBJECTID":323966,"PRIMENAME":"Oak Street","ELEVTYP_F":0,"ELEVTYP_T":0},"geometry":{"type":"LineString","coordinates":[[-74.1344957279447,40.4513480239821],[-74.1343734188377,40.4513855477014],[-74.1337551987507,40.4514979535476],[-74.1336258467598,40.4515088259352]]}},{"type":"Feature","id":324024,"properties":{"OBJECTID":324024,"PRIMENAME":"Locust Grove","ELEVTYP_F":0,"ELEVTYP_T":0},"geometry":{"type":"LineString","coordinates":[[-74.1452804779917,40.439860198348],[-74.1451414768253,40.4399011975418],[-74.1451064766325,40.4399281993275],[-74.1450904783694,40.4399631985695],[-74.1449264750431,40.4410471980526],[-74.1449374772603,40.4410631983642],[-74.1449914782847,40.4410911984392],[-74.1451914775336,40.4410941991254],[-74.1455354764289,40.4410991982824],[-74.1455734765968,40.4410861987911],[-74.1456004771561,40.4410651985191],[-74.1456134782213,40.4410381985033],[-74.1457814751615,40.439951197631],[-74.1457864761275,40.439921198268]]}},{"type":"Feature","id":324564,"properties":{"OBJECTID":324564,"PRIMENAME":"Highland Boulevard","ELEVTYP_F":0,"ELEVTYP_T":0},"geometry":{"type":"LineString","coordinates":[[-74.1396597698431,40.4508545452635],[-74.1397355751019,40.4507971335656],[-74.1403867836904,40.4503511528556],[-74.1405015896217,40.4502709128351]]}},{"type":"Feature","id":324893,"properties":{"OBJECTID":324893,"PRIMENAME":"Poplar Avenue","ELEVTYP_F":0,"ELEVTYP_T":0},"geometry":{"type":"LineString","coordinates":[[-74.1393790187061,40.4405269667159],[-74.1393452062097,40.4402721120228],[-74.1392759781105,40.4397733484372]]}},{"type":"Feature","id":325359,"properties":{"OBJECTID":325359,"PRIMENAME":"10th Street","ELEVTYP_F":0,"ELEVTYP_T":0},"geometry":{"type":"LineString","coordinates":[[-74.1438885243068,40.441317686944],[-74.1437559336444,40.4413199407241],[-74.1425327140796,40.441341090924]]}},{"type":"Feature","id":325622,"properties":{"OBJECTID":325622,"PRIMENAME":"Beachway Avenue","ELEVTYP_F":0,"ELEVTYP_T":0},"geometry":{"type":"LineString","coordinates":[[-74.1321410136822,40.4541003599641],[-74.1320257401795,40.4540326813238],[-74.1314286902158,40.4536788249707]]}},{"type":"Feature","id":325899,"properties":{"OBJECTID":325899,"PRIMENAME":"Atlantic Avenue","ELEVTYP_F":0,"ELEVTYP_T":0},"geometry":{"type":"LineString","coordinates":[[-74.1195578885075,40.440465469533],[-74.1195312294193,40.4408159236881],[-74.119495684615,40.441283209964],[-74.1194812422249,40.4414422988693]]}},{"type":"Feature","id":326693,"properties":{"OBJECTID":326693,"PRIMENAME":"Woodland Avenue","ELEVTYP_F":0,"ELEVTYP_T":0},"geometry":{"type":"LineString","coordinates":[[-74.1270832750287,40.450059468252],[-74.1271349639161,40.4499850766639],[-74.1273298750139,40.4497045479617],[-74.1272428467562,40.4496518070709],[-74.1265214159541,40.4492538755764],[-74.126122474359,40.4490476883904]]}},{"type":"Feature","id":327154,"properties":{"OBJECTID":327154,"PRIMENAME":"Holly Avenue","ELEVTYP_F":0,"ELEVTYP_T":0},"geometry":{"type":"LineString","coordinates":[[-74.1421395679491,40.4385576081562],[-74.1421845448077,40.4388702285239],[-74.1421938785904,40.4389297166866],[-74.1422810578198,40.4394853311495],[-74.1423377758659,40.4398985746684],[-74.1423564354387,40.4400345126502]]}},{"type":"Feature","id":327453,"properties":{"OBJECTID":327453,"PRIMENAME":"Creek Road","ELEVTYP_F":0,"ELEVTYP_T":0},"geometry":{"type":"LineString","coordinates":[[-74.1383139872263,40.4465115261649],[-74.1380502493324,40.4463167015697],[-74.1376898012999,40.4460581873341],[-74.1373977660514,40.4458475690311],[-74.1373206899212,40.4457810871481]]}},{"type":"Feature","id":327476,"properties":{"OBJECTID":327476,"PRIMENAME":"Saint Johns Place","ELEVTYP_F":0,"ELEVTYP_T":0},"geometry":{"type":"LineString","coordinates":[[-74.1336156279391,40.4357744451121],[-74.1335836112205,40.4359939834121],[-74.1335513414873,40.4361940851009],[-74.1335132847597,40.4363083276174],[-74.133494371133,40.4363511470853],[-74.1334567189176,40.4363843540611],[-74.1334192934665,40.4363890394048],[-74.1333444240195,40.4363888019794],[-74.132243443922,40.4362403146804],[-74.1322225386714,40.4362374940239],[-74.1312502061674,40.4361152574954],[-74.1311099634902,40.4361322419579]]}},{"type":"Feature","id":327510,"properties":{"OBJECTID":327510,"PRIMENAME":"Raritan Avenue","ELEVTYP_F":0,"ELEVTYP_T":0},"geometry":{"type":"LineString","coordinates":[[-74.1342738995753,40.4530389359227],[-74.1342968034943,40.4529439443992]]}},{"type":"Feature","id":327990,"properties":{"OBJECTID":327990,"PRIMENAME":"Washington Avenue","ELEVTYP_F":0,"ELEVTYP_T":0},"geometry":{"type":"LineString","coordinates":[[-74.1334976194106,40.4479721214507],[-74.1334460914275,40.44799221701]]}},{"type":"Feature","id":328008,"properties":{"OBJECTID":328008,"PRIMENAME":"Woodland Avenue","ELEVTYP_F":0,"ELEVTYP_T":0},"geometry":{"type":"LineString","coordinates":[[-74.1238969538406,40.4478261258319],[-74.1238222599542,40.447753438246],[-74.1223855604778,40.4469766811478],[-74.1223031970002,40.4469328473539]]}},{"type":"Feature","id":328577,"properties":{"OBJECTID":328577,"PRIMENAME":"North Shore Street","ELEVTYP_F":0,"ELEVTYP_T":0},"geometry":{"type":"LineString","coordinates":[[-74.1360069714455,40.4504136776139],[-74.1363174360874,40.4506815657196],[-74.1366371114062,40.4509478067495]]}},{"type":"Feature","id":329476,"properties":{"OBJECTID":329476,"PRIMENAME":"Bow Avenue","ELEVTYP_F":0,"ELEVTYP_T":0},"geometry":{"type":"LineString","coordinates":[[-74.1438334756666,40.4367651978975],[-74.1439964744226,40.4367701986404],[-74.1440844756634,40.4367671975741],[-74.1444114780593,40.4368251971756]]}},{"type":"Feature","id":329771,"properties":{"OBJECTID":329771,"PRIMENAME":"Central Avenue","ELEVTYP_F":0,"ELEVTYP_T":0},"geometry":{"type":"LineString","coordinates":[[-74.1443779639785,40.4450725005376],[-74.1443982947775,40.4448963793899],[-74.144441624601,40.444399229019]]}},{"type":"Feature","id":329780,"properties":{"OBJECTID":329780,"PRIMENAME":"Moran Place","ELEVTYP_F":0,"ELEVTYP_T":0},"geometry":{"type":"LineString","coordinates":[[-74.1328029793099,40.4375828996949],[-74.1328826886418,40.437578815365],[-74.132951272241,40.437579033134],[-74.132988672262,40.4375791518707],[-74.1330131741461,40.4376650155047],[-74.133066616196,40.4378373539639]]}},{"type":"Feature","id":330255,"properties":{"OBJECTID":330255,"PRIMENAME":"Ocean Avenue","ELEVTYP_F":0,"ELEVTYP_T":0},"geometry":{"type":"LineString","coordinates":[[-74.116679104918,40.4353447614864],[-74.1166795854722,40.4355131510397],[-74.1166837766526,40.4362112023945],[-74.1166854940956,40.4364338946357]]}},{"type":"Feature","id":331221,"properties":{"OBJECTID":331221,"PRIMENAME":"Crescent Street","ELEVTYP_F":0,"ELEVTYP_T":0},"geometry":{"type":"LineString","coordinates":[[-74.1231307097628,40.4435117429729],[-74.1232034355957,40.4435050352177],[-74.123680023341,40.4433749575908]]}},{"type":"Feature","id":331825,"properties":{"OBJECTID":331825,"PRIMENAME":"Twilight Avenue","ELEVTYP_F":0,"ELEVTYP_T":0},"geometry":{"type":"LineString","coordinates":[[-74.1242883173681,40.4446671834447],[-74.1241036326013,40.4442800392952],[-74.123739929732,40.4435020056198],[-74.123680023341,40.4433749575908]]}},{"type":"Feature","id":333108,"properties":{"OBJECTID":333108,"PRIMENAME":"Seeley Avenue","ELEVTYP_F":0,"ELEVTYP_T":0},"geometry":{"type":"LineString","coordinates":[[-74.132450249406,40.4494230107892],[-74.132373956431,40.4494044303217]]}},{"type":"Feature","id":333631,"properties":{"OBJECTID":333631,"PRIMENAME":"11th Street","ELEVTYP_F":0,"ELEVTYP_T":0},"geometry":{"type":"LineString","coordinates":[[-74.1475346220846,40.4398349129976],[-74.1473974765342,40.4397991987504],[-74.1472914777211,40.4397561986363],[-74.1472524771798,40.4397451990249],[-74.1467971054954,40.4397593906192]]}},{"type":"Feature","id":334182,"properties":{"OBJECTID":334182,"PRIMENAME":"Frazee Place","ELEVTYP_F":0,"ELEVTYP_T":0},"geometry":{"type":"LineString","coordinates":[[-74.1277235942286,40.4399130255906],[-74.1277178000988,40.4398928227243],[-74.128332206802,40.4396323499838]]}},{"type":"Feature","id":334360,"properties":{"OBJECTID":334360,"PRIMENAME":"Laurel Avenue","ELEVTYP_F":0,"ELEVTYP_T":0},"geometry":{"type":"LineString","coordinates":[[-74.1425258269488,40.4487251104197],[-74.1425691239524,40.449030807109]]}},{"type":"Feature","id":334370,"properties":{"OBJECTID":334370,"PRIMENAME":"Poplar Street","ELEVTYP_F":0,"ELEVTYP_T":0},"geometry":{"type":"LineString","coordinates":[[-74.1312954581012,40.4394063180674],[-74.1313632839602,40.4393945378583],[-74.1330053222617,40.439109050438],[-74.1331110870867,40.4390906645643]]}},{"type":"Feature","id":334757,"properties":{"OBJECTID":334757,"PRIMENAME":"Terrace Place","ELEVTYP_F":0,"ELEVTYP_T":0},"geometry":{"type":"LineString","coordinates":[[-74.1358210919948,40.4449266390889],[-74.134875336698,40.445100937399],[-74.1347726528988,40.4451195003083]]}},{"type":"Feature","id":334816,"properties":{"OBJECTID":334816,"PRIMENAME":"Euclid Avenue","ELEVTYP_F":0,"ELEVTYP_T":0},"geometry":{"type":"LineString","coordinates":[[-74.1299181622934,40.4360158810047],[-74.1299508471384,40.4358458531046]]}},{"type":"Feature","id":335444,"properties":{"OBJECTID":335444,"PRIMENAME":"Sidney Terrace","ELEVTYP_F":0,"ELEVTYP_T":0},"geometry":{"type":"LineString","coordinates":[[-74.1418166787159,40.4357762624074],[-74.1417271034592,40.435737606807],[-74.1415715757068,40.4356704179719],[-74.1413972593545,40.4356031427296],[-74.1412802786561,40.4355567985745],[-74.1411233145711,40.4355165067754],[-74.1409862559066,40.4354826999388],[-74.1408083205134,40.4354409700114],[-74.1405937082446,40.4354052474407],[-74.1404129233052,40.4353856340527],[-74.1403007189815,40.4353734803231]]}},{"type":"Feature","id":336428,"properties":{"OBJECTID":336428,"PRIMENAME":"Center Avenue","ELEVTYP_F":0,"ELEVTYP_T":0},"geometry":{"type":"LineString","coordinates":[[-74.1307941137693,40.4509511990607],[-74.1303264910667,40.4506769746791],[-74.1301791674,40.4505905800103],[-74.1300981436631,40.4505432147682]]}},{"type":"Feature","id":336629,"properties":{"OBJECTID":336629,"PRIMENAME":"Port Monmouth Road","ELEVTYP_F":0,"ELEVTYP_T":0},"geometry":{"type":"LineString","coordinates":[[-74.1230449959322,40.4420487933318],[-74.1229078278307,40.4420661065668]]}},{"type":"Feature","id":336804,"properties":{"OBJECTID":336804,"PRIMENAME":"Beachway Avenue","ELEVTYP_F":0,"ELEVTYP_T":0},"geometry":{"type":"LineString","coordinates":[[-74.1276543890307,40.4512910269218],[-74.1277167014365,40.4513976549454],[-74.1277724098406,40.4514740948453],[-74.1278344595333,40.4515410020805],[-74.1279463854484,40.4516080968372],[-74.1280769816902,40.4516848046079],[-74.12831325104,40.451828503661],[-74.128612638116,40.4520024871877]]}},{"type":"Feature","id":336805,"properties":{"OBJECTID":336805,"PRIMENAME":"Lincoln Avenue","ELEVTYP_F":0,"ELEVTYP_T":0},"geometry":{"type":"LineString","coordinates":[[-74.135959464785,40.4489223090404],[-74.1358477306817,40.4489426456594],[-74.1350097086252,40.4490951690541],[-74.1349071975287,40.4491138136654]]}},{"type":"Feature","id":336849,"properties":{"OBJECTID":336849,"PRIMENAME":"Main Street","ELEVTYP_F":0,"ELEVTYP_T":0},"geometry":{"type":"LineString","coordinates":[[-74.1299491087484,40.4457766396693],[-74.1300042973546,40.4460719741499],[-74.1300165812362,40.446131721228]]}},{"type":"Feature","id":336928,"properties":{"OBJECTID":336928,"PRIMENAME":"Beacon Boulevard","ELEVTYP_F":0,"ELEVTYP_T":0},"geometry":{"type":"LineString","coordinates":[[-74.1215801731318,40.442222470007],[-74.1215569857423,40.4423272310638],[-74.1212862487026,40.4435511750178]]}},{"type":"Feature","id":337443,"properties":{"OBJECTID":337443,"PRIMENAME":"Briarwood Avenue","ELEVTYP_F":0,"ELEVTYP_T":0},"geometry":{"type":"LineString","coordinates":[[-74.1278157392699,40.4458802010126],[-74.1277551724617,40.4455715061269]]}},{"type":"Feature","id":337775,"properties":{"OBJECTID":337775,"PRIMENAME":"Oak Street","ELEVTYP_F":0,"ELEVTYP_T":0},"geometry":{"type":"LineString","coordinates":[[-74.1375116941305,40.4505827044747],[-74.1373401617874,40.4507019358701]]}},{"type":"Feature","id":338840,"properties":{"OBJECTID":338840,"PRIMENAME":"Forest Avenue","ELEVTYP_F":0,"ELEVTYP_T":0},"geometry":{"type":"LineString","coordinates":[[-74.125516735428,40.4417396515183],[-74.12552401901,40.4418063826743],[-74.1256217137756,40.4421879725105],[-74.125676645759,40.442402602211],[-74.1257560460246,40.4427078720399],[-74.1257763445279,40.4427925706985]]}},{"type":"Feature","id":338852,"properties":{"OBJECTID":338852,"PRIMENAME":"7th Street","ELEVTYP_F":0,"ELEVTYP_T":0},"geometry":{"type":"LineString","coordinates":[[-74.1458357808237,40.4431945991328],[-74.1454302946775,40.443190309324]]}},{"type":"Feature","id":340277,"properties":{"OBJECTID":340277,"PRIMENAME":"Highland Boulevard","ELEVTYP_F":0,"ELEVTYP_T":0},"geometry":{"type":"LineString","coordinates":[[-74.1362876810883,40.4532611684807],[-74.1368156210806,40.4531661441282],[-74.1370779162381,40.453119311623],[-74.1372590539418,40.4530817508164],[-74.137453455548,40.4528964593826],[-74.1377235656938,40.452641540721],[-74.1380036465555,40.4523772094628]]}},{"type":"Feature","id":340875,"properties":{"OBJECTID":340875,"PRIMENAME":"12th Street","ELEVTYP_F":0,"ELEVTYP_T":0},"geometry":{"type":"LineString","coordinates":[[-74.1373232871162,40.4399962399026],[-74.1373882564375,40.4399609765565],[-74.1382265382107,40.4395060406207],[-74.1390272303429,40.4390843894865],[-74.1391695577476,40.4390005853522]]}},{"type":"Feature","id":341126,"properties":{"OBJECTID":341126,"PRIMENAME":"FR NJ 36 NB TO EUCLID AVE NB","ELEVTYP_F":0,"ELEVTYP_T":0},"geometry":{"type":"LineString","coordinates":[[-74.1296632781672,40.4352667084418],[-74.1297723356887,40.4353087294128],[-74.1298266172074,40.4353353937312],[-74.129880888532,40.4353639250163],[-74.1299178442479,40.4353924008475],[-74.1299399630504,40.4354208291755],[-74.1299620496919,40.4354549125096],[-74.1299815965193,40.4355003519752],[-74.1300034404957,40.4355722631696]]}},{"type":"Feature","id":341241,"properties":{"OBJECTID":341241,"PRIMENAME":"Ocean Avenue","ELEVTYP_F":0,"ELEVTYP_T":0},"geometry":{"type":"LineString","coordinates":[[-74.1167337449768,40.4404890829579],[-74.1167415268133,40.4418393660378],[-74.1167443976382,40.441947424188]]}},{"type":"Feature","id":341869,"properties":{"OBJECTID":341869,"PRIMENAME":"Linton Place","ELEVTYP_F":0,"ELEVTYP_T":0},"geometry":{"type":"LineString","coordinates":[[-74.1330435604287,40.4386973989168],[-74.1329576064626,40.4387133231397],[-74.1319960306361,40.4388913639532],[-74.1319617613559,40.4388975953575],[-74.1315839221231,40.4389663111612],[-74.1313711966006,40.4390048342511]]}},{"type":"Feature","id":342119,"properties":{"OBJECTID":342119,"PRIMENAME":"Morningside Avenue","ELEVTYP_F":0,"ELEVTYP_T":0},"geometry":{"type":"LineString","coordinates":[[-74.1207099253448,40.4419994607272],[-74.1207046083179,40.4419716856195],[-74.1206706808621,40.4418392579688],[-74.120661140663,40.4417786965848],[-74.1206619908782,40.4416274417201],[-74.1206724277169,40.4414963944017]]}},{"type":"Feature","id":342178,"properties":{"OBJECTID":342178,"PRIMENAME":"Forest Avenue","ELEVTYP_F":0,"ELEVTYP_T":0},"geometry":{"type":"LineString","coordinates":[[-74.1284525154426,40.4482303666919],[-74.1291550607461,40.44849508534],[-74.1292438830868,40.4485285596234]]}},{"type":"Feature","id":342319,"properties":{"OBJECTID":342319,"PRIMENAME":"Kane Lane","ELEVTYP_F":0,"ELEVTYP_T":0},"geometry":{"type":"LineString","coordinates":[[-74.1438514746375,40.4367081987556],[-74.1434434742483,40.4366251973219],[-74.1433024766848,40.4366091975301],[-74.1426654757458,40.4365031975513],[-74.1426174753764,40.4364751978108]]}},{"type":"Feature","id":342673,"properties":{"OBJECTID":342673,"PRIMENAME":"11th Street","ELEVTYP_F":0,"ELEVTYP_T":0},"geometry":{"type":"LineString","coordinates":[[-74.1377123143873,40.4414234558841],[-74.1378236348166,40.4413644355085],[-74.1378611253803,40.4413445596838],[-74.1381886190819,40.4411709116924]]}},{"type":"Feature","id":342869,"properties":{"OBJECTID":342869,"PRIMENAME":"Ideal Avenue","ELEVTYP_F":0,"ELEVTYP_T":0},"geometry":{"type":"LineString","coordinates":[[-74.1159784589338,40.443107590526],[-74.1183846643871,40.4440367758294],[-74.1184829717091,40.4440747091321]]}},{"type":"Feature","id":343241,"properties":{"OBJECTID":343241,"PRIMENAME":"Beachway Avenue","ELEVTYP_F":0,"ELEVTYP_T":0},"geometry":{"type":"LineString","coordinates":[[-74.1314286902158,40.4536788249707],[-74.1307210365031,40.4532593863594]]}},{"type":"Feature","id":343769,"properties":{"OBJECTID":343769,"PRIMENAME":"Horner Place","ELEVTYP_F":0,"ELEVTYP_T":0},"geometry":{"type":"LineString","coordinates":[[-74.1312204584098,40.4398040160763],[-74.1312303389211,40.4397515601833],[-74.1312954581012,40.4394063180674]]}},{"type":"Feature","id":344624,"properties":{"OBJECTID":344624,"PRIMENAME":"Hillside Avenue","ELEVTYP_F":0,"ELEVTYP_T":0},"geometry":{"type":"LineString","coordinates":[[-74.1374712376383,40.4356158242485],[-74.1374677228707,40.4356147153475],[-74.1372621963396,40.4355664142418],[-74.1369756268917,40.4355035570661],[-74.1367389076107,40.4354503809876],[-74.1366828588263,40.4354311536386]]}},{"type":"Feature","id":345097,"properties":{"OBJECTID":345097,"PRIMENAME":"Atlantic Avenue","ELEVTYP_F":0,"ELEVTYP_T":0},"geometry":{"type":"LineString","coordinates":[[-74.1196457012327,40.4394704216781],[-74.11962404366,40.4395968198601],[-74.1195814412649,40.4401560039832]]}},{"type":"Feature","id":345464,"properties":{"OBJECTID":345464,"PRIMENAME":"South Holly Avenue","ELEVTYP_F":0,"ELEVTYP_T":0},"geometry":{"type":"LineString","coordinates":[[-74.1419104573665,40.4356251572489],[-74.1419769012258,40.4356764229785],[-74.1420142192485,40.4357051428448],[-74.1420263320695,40.4357719150225],[-74.142062905415,40.4363558406432],[-74.1420824615324,40.436668076242],[-74.1421101312685,40.4371098335312],[-74.1421032015296,40.4371836563783],[-74.142091751096,40.4372833252783]]}},{"type":"Feature","id":347001,"properties":{"OBJECTID":347001,"PRIMENAME":"Ocean Avenue","ELEVTYP_F":0,"ELEVTYP_T":0},"geometry":{"type":"LineString","coordinates":[[-74.1167096680903,40.4388260456905],[-74.116709688105,40.4388289557196],[-74.1167101160763,40.438848035362],[-74.116724367169,40.4394833658914]]}},{"type":"Feature","id":347553,"properties":{"OBJECTID":347553,"PRIMENAME":"Walling Place","ELEVTYP_F":0,"ELEVTYP_T":0},"geometry":{"type":"LineString","coordinates":[[-74.1194812422249,40.4414422988693],[-74.1195640741858,40.4414460578531],[-74.1206724277169,40.4414963944017]]}},{"type":"Feature","id":349862,"properties":{"OBJECTID":349862,"PRIMENAME":"State Highway 36","ELEVTYP_F":0,"ELEVTYP_T":0},"geometry":{"type":"LineString","coordinates":[[-74.1513132336819,40.438566435788],[-74.1509044110051,40.4385810307376],[-74.1504786529688,40.4385904502065],[-74.1503059298481,40.4385899278769],[-74.1502072937327,40.438589629477],[-74.1499032404698,40.4385887091072],[-74.1496740609264,40.4385808772879],[-74.1493794047966,40.4385692511015],[-74.1490895110493,40.4385469318235],[-74.1487808463255,40.4385209585421],[-74.1485049829504,40.4384951120907],[-74.1483747183416,40.4384786944926],[-74.1483572374323,40.4384764914972],[-74.1482431698213,40.4384621152294],[-74.1480459156871,40.4384359727595],[-74.1479673627456,40.4384255608705],[-74.1476806590532,40.4383794366806],[-74.1476728942003,40.4383781881477],[-74.1474765767433,40.438345444076],[-74.147074637849,40.438272679088],[-74.1468514260246,40.4382313606246],[-74.146626067747,40.4381896424908],[-74.1463120588574,40.438131514186],[-74.1461913494911,40.4381091683356],[-74.1456076955563,40.4379973000352],[-74.1455090166674,40.4379783848906],[-74.1452055962936,40.4379219630376],[-74.1446491051874,40.4378184753462],[-74.1444974898096,40.4377902920525],[-74.1439321971862,40.437685211236],[-74.1437117703847,40.4376442348294]]}},{"type":"Feature","id":349986,"properties":{"OBJECTID":349986,"PRIMENAME":"State Highway 36","ELEVTYP_F":0,"ELEVTYP_T":0},"geometry":{"type":"LineString","coordinates":[[-74.138916965325,40.4368347498896],[-74.1390924167421,40.4368776908294]]}},{"type":"Feature","id":351836,"properties":{"OBJECTID":351836,"PRIMENAME":"State Highway 36","ELEVTYP_F":0,"ELEVTYP_T":0},"geometry":{"type":"LineString","coordinates":[[-74.1308286134128,40.4354182709519],[-74.1312538248583,40.4354724909979]]}},{"type":"Feature","id":354014,"properties":{"OBJECTID":354014,"PRIMENAME":"State Highway 36","ELEVTYP_F":0,"ELEVTYP_T":0},"geometry":{"type":"LineString","coordinates":[[-74.1435559024959,40.4377031902332],[-74.1439756292481,40.4377806614262],[-74.1444487230432,40.4378689741142]]}},{"type":"Feature","id":354095,"properties":{"OBJECTID":354095,"PRIMENAME":"State Highway 36","ELEVTYP_F":0,"ELEVTYP_T":0},"geometry":{"type":"LineString","coordinates":[[-74.1336156279391,40.4357744451121],[-74.1337368319151,40.4357899004592],[-74.1343539184254,40.4358669067751],[-74.1349569383895,40.4359474598335],[-74.1351031773464,40.4359657118247]]}},{"type":"Feature","id":356587,"properties":{"OBJECTID":356587,"PRIMENAME":"State Highway 36","ELEVTYP_F":0,"ELEVTYP_T":0},"geometry":{"type":"LineString","coordinates":[[-74.1408995268831,40.4372226591418],[-74.1410026614162,40.4372415434223],[-74.1410185255577,40.4372444477097]]}},{"type":"Feature","id":357418,"properties":{"OBJECTID":357418,"PRIMENAME":"State Highway 36","ELEVTYP_F":0,"ELEVTYP_T":0},"geometry":{"type":"LineString","coordinates":[[-74.1432222746657,40.4375546364342],[-74.1423871155417,40.437404009895],[-74.1421037469971,40.4373526512805],[-74.1412234038446,40.437193090713],[-74.1410367116912,40.4371591551178]]}},{"type":"Feature","id":357825,"properties":{"OBJECTID":357825,"PRIMENAME":"State Highway 36","ELEVTYP_F":0,"ELEVTYP_T":0},"geometry":{"type":"LineString","coordinates":[[-74.1388977007939,40.436742177872],[-74.1387233260966,40.436699220187],[-74.1385364550088,40.4366485650339],[-74.1383449674361,40.4365943529235],[-74.1380226690893,40.4365004207987],[-74.1379664951685,40.4364840757274]]}},{"type":"Feature","id":360326,"properties":{"OBJECTID":360326,"PRIMENAME":"State Highway 36","ELEVTYP_F":0,"ELEVTYP_T":0},"geometry":{"type":"LineString","coordinates":[[-74.1398326873296,40.4369396163426],[-74.1395502546133,40.4368876761746],[-74.1392419201712,40.4368223124255],[-74.1390877163409,40.4367896855175],[-74.1389288810475,40.4367498793549],[-74.1388977007939,40.436742177872]]}},{"type":"Feature","id":361953,"properties":{"OBJECTID":361953,"PRIMENAME":"State Highway 36","ELEVTYP_F":0,"ELEVTYP_T":0},"geometry":{"type":"LineString","coordinates":[[-74.1351031773464,40.4359657118247],[-74.1353683059603,40.4359988029353],[-74.1356300850948,40.4360353701561],[-74.1359011657975,40.4360791036443],[-74.1361956139139,40.4361336429498],[-74.136466602072,40.4361881356577],[-74.1367142216179,40.4362389580479],[-74.1369431769,40.4362932905291],[-74.1372795231867,40.4363801321747],[-74.1375364608581,40.43644888044],[-74.1377063345444,40.436499401086],[-74.1378400247941,40.4365391589816],[-74.138157635727,40.4366295086118],[-74.138349139488,40.4366872894149],[-74.1386200533941,40.4367632165558],[-74.1388022580427,40.4368066653907],[-74.138916965325,40.4368347498896]]}},{"type":"Feature","id":370867,"properties":{"OBJECTID":370867,"PRIMENAME":"State Highway 36","ELEVTYP_F":0,"ELEVTYP_T":0},"geometry":{"type":"LineString","coordinates":[[-74.1312729464874,40.4353849035822],[-74.1308019260893,40.4353253343323]]}},{"type":"Feature","id":377055,"properties":{"OBJECTID":377055,"PRIMENAME":"State Highway 36","ELEVTYP_F":0,"ELEVTYP_T":0},"geometry":{"type":"LineString","coordinates":[[-74.1327572323206,40.4356647499173],[-74.1329608571673,40.4356909197827],[-74.1336156279391,40.4357744451121]]}},{"type":"Feature","id":377455,"properties":{"OBJECTID":377455,"PRIMENAME":"State Highway 36","ELEVTYP_F":0,"ELEVTYP_T":0},"geometry":{"type":"LineString","coordinates":[[-74.1303912320332,40.4353618245838],[-74.130410365945,40.435364327387],[-74.1304404866879,40.4353682685041],[-74.1305341446763,40.4353804941189]]}},{"type":"Feature","id":378946,"properties":{"OBJECTID":378946,"PRIMENAME":"State Highway 36","ELEVTYP_F":0,"ELEVTYP_T":0},"geometry":{"type":"LineString","coordinates":[[-74.1305341446763,40.4353804941189],[-74.1306095061902,40.4353903303451],[-74.1308286134128,40.4354182709519]]}},{"type":"Feature","id":379766,"properties":{"OBJECTID":379766,"PRIMENAME":"State Highway 36","ELEVTYP_F":0,"ELEVTYP_T":0},"geometry":{"type":"LineString","coordinates":[[-74.1462862102259,40.4382127754128],[-74.1465974890501,40.4382712214733],[-74.1465990928635,40.4382715298913],[-74.146827124642,40.4383152970927]]}},{"type":"Feature","id":380743,"properties":{"OBJECTID":380743,"PRIMENAME":"State Highway 36","ELEVTYP_F":0,"ELEVTYP_T":0},"geometry":{"type":"LineString","coordinates":[[-74.1393065806077,40.436927465654],[-74.1396433064108,40.4369951639245],[-74.1402134646779,40.4370970286459],[-74.1408995268831,40.4372226591418]]}},{"type":"Feature","id":381403,"properties":{"OBJECTID":381403,"PRIMENAME":"Center Avenue","ELEVTYP_F":0,"ELEVTYP_T":0},"geometry":{"type":"LineString","coordinates":[[-74.1349763332246,40.4528860836274],[-74.1348873994626,40.4528650764199],[-74.1348383089302,40.4528637739484],[-74.134814639532,40.4528631443851],[-74.134673342033,40.4528896827996],[-74.134494436297,40.4529261766556],[-74.134392891897,40.4529443852379],[-74.1343134667386,40.4529457812741],[-74.1342968034943,40.4529439443992]]}},{"type":"Feature","id":381589,"properties":{"OBJECTID":381589,"PRIMENAME":"State Highway 36","ELEVTYP_F":0,"ELEVTYP_T":0},"geometry":{"type":"LineString","coordinates":[[-74.1444487230432,40.4378689741142],[-74.1452365433206,40.4380159883526],[-74.1454945182882,40.4380641271993],[-74.1455804580868,40.438080262658],[-74.1462862102259,40.4382127754128]]}},{"type":"Feature","id":381760,"properties":{"OBJECTID":381760,"PRIMENAME":"State Highway 36","ELEVTYP_F":0,"ELEVTYP_T":0},"geometry":{"type":"LineString","coordinates":[[-74.1312538248583,40.4354724909979],[-74.1321054035016,40.4355809742081],[-74.1327572323206,40.4356647499173]]}},{"type":"Feature","id":382607,"properties":{"OBJECTID":382607,"PRIMENAME":"State Highway 36","ELEVTYP_F":0,"ELEVTYP_T":0},"geometry":{"type":"LineString","coordinates":[[-74.1390924167421,40.4368776908294],[-74.1392460931765,40.4369153038243],[-74.1393065806077,40.436927465654]]}},{"type":"Feature","id":386222,"properties":{"OBJECTID":386222,"PRIMENAME":"Central Avenue","ELEVTYP_F":0,"ELEVTYP_T":0},"geometry":{"type":"LineString","coordinates":[[-74.1423564354387,40.4400345126502],[-74.1424190695265,40.4400452798972],[-74.1424518367196,40.4400557304828],[-74.1425740522588,40.4401631285935],[-74.1433902312211,40.4408803851016],[-74.1438885243068,40.441317686944]]}},{"type":"Feature","id":388200,"properties":{"OBJECTID":388200,"PRIMENAME":"State Highway 36","ELEVTYP_F":0,"ELEVTYP_T":0},"geometry":{"type":"LineString","coordinates":[[-74.1379664951685,40.4364840757274],[-74.1377459798825,40.4364199259324],[-74.137401495034,40.4363197099439],[-74.1368969588336,40.4361894881158],[-74.1365605381669,40.4361169472721],[-74.1362474476974,40.4360551847557],[-74.1359670645483,40.4360042582031],[-74.1356819549683,40.4359568844088],[-74.1353127110218,40.4359021078769],[-74.1352281586281,40.4358912874371],[-74.1350572129046,40.4358694117985],[-74.1343964679097,40.4357848508119],[-74.1337502010338,40.4357029212548]]}},{"type":"Feature","id":388285,"properties":{"OBJECTID":388285,"PRIMENAME":"State Highway 36","ELEVTYP_F":0,"ELEVTYP_T":0},"geometry":{"type":"LineString","coordinates":[[-74.1435637379396,40.4376167161177],[-74.1434760391008,40.4376004125206],[-74.1432222746657,40.4375546364342]]}},{"type":"Feature","id":388382,"properties":{"OBJECTID":388382,"PRIMENAME":"State Highway 36","ELEVTYP_F":0,"ELEVTYP_T":0},"geometry":{"type":"LineString","coordinates":[[-74.1410367116912,40.4371591551178],[-74.1410078341237,40.4371539065891],[-74.1401625330236,40.4370003504413],[-74.1398326873296,40.4369396163426]]}},{"type":"Feature","id":389447,"properties":{"OBJECTID":389447,"PRIMENAME":"11th Street","ELEVTYP_F":0,"ELEVTYP_T":0},"geometry":{"type":"LineString","coordinates":[[-74.1423564354387,40.4400345126502],[-74.1424208863055,40.4400285354391],[-74.1431642896746,40.4399598702229],[-74.1433015852974,40.4399507678674],[-74.1433078352947,40.4399511717239]]}},{"type":"Feature","id":390989,"properties":{"OBJECTID":390989,"PRIMENAME":"Navesink Avenue","ELEVTYP_F":0,"ELEVTYP_T":0},"geometry":{"type":"LineString","coordinates":[[-74.1186784868176,40.4434043845373],[-74.1185756499801,40.4433606444517],[-74.118090284534,40.4431541172119],[-74.1165155243681,40.44254840208],[-74.1163997259749,40.4425033822845]]}},{"type":"Feature","id":393702,"properties":{"OBJECTID":393702,"PRIMENAME":"Navesink Avenue","ELEVTYP_F":0,"ELEVTYP_T":0},"geometry":{"type":"LineString","coordinates":[[-74.1163997259749,40.4425033822845],[-74.1146358875041,40.4418177614318],[-74.1144216845207,40.4417344731122]]}},{"type":"Feature","id":394672,"properties":{"OBJECTID":394672,"PRIMENAME":"State Highway 36","ELEVTYP_F":0,"ELEVTYP_T":0},"geometry":{"type":"LineString","coordinates":[[-74.1437117703847,40.4376442348294],[-74.1435637379396,40.4376167161177]]}},{"type":"Feature","id":394771,"properties":{"OBJECTID":394771,"PRIMENAME":"State Highway 36","ELEVTYP_F":0,"ELEVTYP_T":0},"geometry":{"type":"LineString","coordinates":[[-74.146827124642,40.4383152970927],[-74.1469790195863,40.4383436276908],[-74.1472143711002,40.4383875236559],[-74.1474807800995,40.4384348119885],[-74.1476542010642,40.4384627921416]]}},{"type":"Feature","id":395816,"properties":{"OBJECTID":395816,"PRIMENAME":"State Highway 36","ELEVTYP_F":0,"ELEVTYP_T":0},"geometry":{"type":"LineString","coordinates":[[-74.1410185255577,40.4372444477097],[-74.1420237617422,40.4374284707111]]}},{"type":"Feature","id":395953,"properties":{"OBJECTID":395953,"PRIMENAME":"State Highway 36","ELEVTYP_F":0,"ELEVTYP_T":0},"geometry":{"type":"LineString","coordinates":[[-74.1337502010338,40.4357029212548],[-74.1331529776892,40.4356271834053],[-74.1329419466414,40.4355996177897],[-74.1320591898178,40.4354843083376],[-74.1312729464874,40.4353849035822]]}},{"type":"Feature","id":396877,"properties":{"OBJECTID":396877,"PRIMENAME":"State Highway 36","ELEVTYP_F":0,"ELEVTYP_T":0},"geometry":{"type":"LineString","coordinates":[[-74.1476542010642,40.4384627921416],[-74.1477518783081,40.4384785177436],[-74.1479669153067,40.4385113453705],[-74.1482240046006,40.4385478697959],[-74.1483563692702,40.4385637121387],[-74.1483567827458,40.4385637620309],[-74.148499829583,40.4385808822846],[-74.148780399919,40.4386067430482],[-74.1490609337895,40.4386326309402],[-74.1493555895895,40.438651396402],[-74.1496455209288,40.438666577563],[-74.1499074655665,40.4386745077651],[-74.1499709324166,40.4386746999432],[-74.1501881664694,40.4386753574657],[-74.1502341728097,40.4386746203433],[-74.1505624225921,40.4386693517401],[-74.1509273753171,40.4386632635743],[-74.1511800354959,40.438653346418]]}},{"type":"Feature","id":397389,"properties":{"OBJECTID":397389,"PRIMENAME":"State Highway 36","ELEVTYP_F":0,"ELEVTYP_T":0},"geometry":{"type":"LineString","coordinates":[[-74.1420237617422,40.4374284707111],[-74.1431484517095,40.4376279790874],[-74.1435559024959,40.4377031902332]]}},{"type":"Feature","id":432990,"properties":{"OBJECTID":432990,"PRIMENAME":"Ocean Boulevard","ELEVTYP_F":0,"ELEVTYP_T":0},"geometry":{"type":"LineString","coordinates":[[-74.1230948600138,40.4486714506621],[-74.1222618213673,40.4482298467064]]}},{"type":"Feature","id":432991,"properties":{"OBJECTID":432991,"PRIMENAME":"Ocean Boulevard","ELEVTYP_F":0,"ELEVTYP_T":0},"geometry":{"type":"LineString","coordinates":[[-74.1235825179654,40.4489299579976],[-74.1230948600138,40.4486714506621]]}},{"type":"Feature","id":466047,"properties":{"OBJECTID":466047,"PRIMENAME":"FR NJ 36 SB to LAUREL AVE","ELEVTYP_F":0,"ELEVTYP_T":0},"geometry":{"type":"LineString","coordinates":[[-74.1414791889478,40.4367565257707],[-74.1413987517533,40.4367290544764],[-74.1413692445324,40.4367232123646],[-74.1413161983007,40.4367205413187],[-74.141225608818,40.4367212788464]]}},{"type":"Feature","id":466048,"properties":{"OBJECTID":466048,"PRIMENAME":"FR RAMP X102110 TO LAUREL AVE","ELEVTYP_F":0,"ELEVTYP_T":0},"geometry":{"type":"LineString","coordinates":[[-74.1414791889478,40.4367565257707],[-74.1414621986255,40.4367242247946],[-74.1414109906143,40.4366619750081],[-74.1413811289604,40.436628783892],[-74.1413221567126,40.4365694730832]]}},{"type":"Feature","id":466049,"properties":{"OBJECTID":466049,"PRIMENAME":"South Laurel Avenue","ELEVTYP_F":0,"ELEVTYP_T":0},"geometry":{"type":"LineString","coordinates":[[-74.1413221567126,40.4365694730832],[-74.141225608818,40.4367212788464]]}}]}
